,customerid,Recency,RecencyCluster,Frequency,FrequencyCluster,Revenue,RevenueCluster,OverallScore,Segment
0,17850.0,12,3,312,2,5493.790000000009,0,5,High-Value
1,14527.0,8,3,231,2,2122.770000000002,0,5,High-Value
2,12471.0,2,3,135,2,6200.359999999997,0,5,High-Value
3,15601.0,4,3,224,2,3797.4,0,5,High-Value
4,18041.0,0,3,181,2,1579.8300000000002,0,5,High-Value
5,15640.0,9,3,142,2,4373.729999999998,0,5,High-Value
6,17757.0,2,3,154,2,1139.9500000000003,0,5,High-Value
7,12841.0,7,3,137,2,1242.9800000000005,0,5,High-Value
8,17954.0,6,3,146,2,744.4100000000008,0,5,High-Value
9,16725.0,12,3,152,2,786.9700000000004,0,5,High-Value
10,16033.0,15,3,183,2,1275.5000000000011,0,5,High-Value
11,16931.0,2,3,196,2,882.1900000000009,0,5,High-Value
12,18118.0,12,3,325,2,1309.8500000000022,0,5,High-Value
13,15570.0,12,3,165,2,1724.740000000001,0,5,High-Value
14,15867.0,6,3,146,2,1070.12,0,5,High-Value
15,14081.0,12,3,154,2,944.4700000000001,0,5,High-Value
16,16161.0,0,3,177,2,1416.3400000000006,0,5,High-Value
17,15039.0,7,3,370,2,5354.44,0,5,High-Value
18,14667.0,2,3,182,2,2641.560000000002,0,5,High-Value
19,15356.0,7,3,157,2,619.7299999999993,0,5,High-Value
20,13319.0,11,3,137,2,2823.3899999999985,0,5,High-Value
21,14796.0,2,3,276,2,2100.83,0,5,High-Value
22,16713.0,4,3,141,2,1648.87,0,5,High-Value
23,12766.0,2,3,131,2,2809.4200000000005,0,5,High-Value
24,15358.0,8,3,160,2,2507.6999999999985,0,5,High-Value
25,17530.0,7,3,135,2,645.3299999999997,0,5,High-Value
26,18116.0,6,3,196,2,827.5200000000001,0,5,High-Value
27,17126.0,10,3,125,2,525.22,0,5,High-Value
28,15044.0,5,3,178,2,3245.7000000000007,0,5,High-Value
29,17338.0,1,3,242,2,2656.15,0,5,High-Value
30,17231.0,8,3,127,2,731.2800000000004,0,5,High-Value
31,14415.0,14,3,174,2,1645.0600000000013,0,5,High-Value
32,13458.0,15,3,126,2,3530.7499999999995,0,5,High-Value
33,17811.0,1,3,255,2,2647.2700000000013,0,5,High-Value
34,14587.0,15,3,151,2,523.9200000000001,0,5,High-Value
35,14978.0,0,3,142,2,1142.4500000000007,0,5,High-Value
36,13001.0,6,3,135,2,3244.2599999999998,0,5,High-Value
37,13742.0,10,3,167,2,1015.1800000000003,0,5,High-Value
38,18125.0,5,3,126,2,733.8599999999997,0,5,High-Value
39,12472.0,16,2,141,2,2673.8900000000012,0,4,Mid-Value
40,12682.0,21,2,127,2,2912.140000000001,0,4,Mid-Value
41,13069.0,18,2,138,2,1240.09,0,4,Mid-Value
42,12567.0,19,2,146,2,3179.1099999999983,0,4,Mid-Value
43,15808.0,16,2,210,2,3745.1700000000014,0,4,Mid-Value
44,13174.0,26,2,242,2,2108.2700000000013,0,4,Mid-Value
45,14085.0,20,2,171,2,2000.660000000001,0,4,Mid-Value
46,12681.0,22,2,223,2,5095.280000000002,0,4,Mid-Value
47,15498.0,30,2,163,2,3785.6399999999985,0,4,Mid-Value
48,13488.0,19,2,149,2,3400.709999999999,0,4,Mid-Value
49,15005.0,20,2,146,2,856.9400000000002,0,4,Mid-Value
50,13148.0,23,2,130,2,1289.0200000000002,0,4,Mid-Value
51,16923.0,24,2,125,2,1587.260000000001,0,4,Mid-Value
52,17611.0,31,2,193,2,1063.0700000000002,0,4,Mid-Value
53,16686.0,16,2,192,2,725.0999999999998,0,4,Mid-Value
54,15719.0,20,2,175,2,861.1499999999997,0,4,Mid-Value
55,12501.0,25,2,160,2,2249.099999999999,0,4,Mid-Value
56,12539.0,27,2,187,2,5147.549999999999,0,4,Mid-Value
57,16222.0,28,2,137,2,846.7200000000007,0,4,Mid-Value
58,17337.0,20,2,260,2,1062.1200000000008,0,4,Mid-Value
59,13334.0,16,2,131,2,1660.44,0,4,Mid-Value
60,12433.0,76,0,147,2,3787.1199999999994,0,2,Low-Value
61,15574.0,69,0,159,2,590.1500000000002,0,2,Low-Value
62,17341.0,77,0,161,2,513.5999999999999,0,2,Low-Value
63,17340.0,64,0,137,2,4627.510000000001,0,2,Low-Value
64,13081.0,40,1,261,2,5971.769999999998,0,3,Mid-Value
65,14800.0,45,1,146,2,1757.84,0,3,Mid-Value
66,14505.0,46,1,183,2,1378.8500000000013,0,3,Mid-Value
67,15379.0,33,1,138,2,2753.4899999999993,0,3,Mid-Value
68,15464.0,48,1,157,2,1048.8500000000006,0,3,Mid-Value
69,17284.0,46,1,131,2,716.1100000000002,0,3,Mid-Value
70,12583.0,8,3,56,1,1925.5799999999997,0,4,Mid-Value
71,14688.0,1,3,85,1,1510.4599999999998,0,4,Mid-Value
72,12431.0,6,3,81,1,1798.7300000000002,0,4,Mid-Value
73,13408.0,4,3,91,1,5742.569999999997,0,4,Mid-Value
74,13767.0,1,3,101,1,3839.2999999999997,0,4,Mid-Value
75,15513.0,15,3,47,1,2566.9,0,4,Mid-Value
76,14849.0,8,3,62,1,1430.98,0,4,Mid-Value
77,17377.0,13,3,64,1,1176.66,0,4,Mid-Value
78,17346.0,9,3,67,1,353.40999999999985,0,4,Mid-Value
79,12921.0,8,3,72,1,1551.2300000000002,0,4,Mid-Value
80,13468.0,12,3,87,1,1504.3000000000004,0,4,Mid-Value
81,14092.0,2,3,62,1,929.8800000000002,0,4,Mid-Value
82,14060.0,1,3,56,1,1931.459999999999,0,4,Mid-Value
83,15544.0,12,3,60,1,834.0200000000002,0,4,Mid-Value
84,14180.0,7,3,102,1,1909.470000000001,0,4,Mid-Value
85,17567.0,7,3,51,1,942.7999999999998,0,4,Mid-Value
86,17838.0,2,3,77,1,1687.7000000000005,0,4,Mid-Value
87,14031.0,11,3,52,1,4060.6800000000003,0,4,Mid-Value
88,12971.0,6,3,61,1,1606.0700000000004,0,4,Mid-Value
89,18168.0,13,3,71,1,669.1899999999998,0,4,Mid-Value
90,17961.0,7,3,92,1,610.4300000000002,0,4,Mid-Value
91,14210.0,7,3,53,1,977.3900000000001,0,4,Mid-Value
92,17787.0,15,3,119,1,1716.17,0,4,Mid-Value
93,12395.0,4,3,47,1,929.23,0,4,Mid-Value
94,17243.0,13,3,78,1,1549.4500000000005,0,4,Mid-Value
95,18055.0,0,3,116,1,2426.0799999999995,0,4,Mid-Value
96,18109.0,14,3,81,1,1236.3700000000008,0,4,Mid-Value
97,16839.0,6,3,47,1,2930.1300000000006,0,4,Mid-Value
98,16814.0,5,3,103,1,2120.1100000000006,0,4,Mid-Value
99,16393.0,5,3,54,1,522.2499999999999,0,4,Mid-Value
100,16143.0,13,3,53,1,1217.9499999999998,0,4,Mid-Value
101,12720.0,14,3,78,1,1123.33,0,4,Mid-Value
102,16422.0,0,3,68,1,6347.919999999997,0,4,Mid-Value
103,17677.0,2,3,60,1,2746.3499999999995,0,4,Mid-Value
104,17428.0,0,3,78,1,3144.0199999999995,0,4,Mid-Value
105,14189.0,8,3,48,1,954.5299999999999,0,4,Mid-Value
106,14825.0,7,3,52,1,637.7699999999999,0,4,Mid-Value
107,15078.0,0,3,92,1,1799.13,0,4,Mid-Value
108,15002.0,7,3,75,1,1147.5900000000001,0,4,Mid-Value
109,15024.0,7,3,62,1,688.0899999999998,0,4,Mid-Value
110,17675.0,11,3,72,1,3086.9299999999994,0,4,Mid-Value
111,16904.0,8,3,97,1,632.41,0,4,Mid-Value
112,15858.0,0,3,102,1,816.22,0,4,Mid-Value
113,17419.0,5,3,51,1,1037.47,0,4,Mid-Value
114,17591.0,9,3,119,1,878.6600000000002,0,4,Mid-Value
115,13078.0,4,3,69,1,2033.9599999999996,0,4,Mid-Value
116,13050.0,11,3,122,1,2188.429999999999,0,4,Mid-Value
117,16779.0,14,3,85,1,2085.8000000000006,0,4,Mid-Value
118,17706.0,0,3,52,1,888.8500000000001,0,4,Mid-Value
119,16558.0,12,3,84,1,1477.0600000000006,0,4,Mid-Value
120,14051.0,7,3,45,1,2649.5600000000004,0,4,Mid-Value
121,17213.0,11,3,54,1,970.8,0,4,Mid-Value
122,13113.0,1,3,80,1,2794.1,0,4,Mid-Value
123,13077.0,0,3,63,1,577.4399999999999,0,4,Mid-Value
124,14030.0,15,3,66,1,983.73,0,4,Mid-Value
125,16700.0,8,3,79,1,1278.2999999999995,0,4,Mid-Value
126,16011.0,0,3,61,1,753.1899999999999,0,4,Mid-Value
127,12721.0,14,3,45,1,768.7700000000001,0,4,Mid-Value
128,12621.0,1,3,85,1,2930.4399999999996,0,4,Mid-Value
129,15856.0,11,3,74,1,4389.909999999999,0,4,Mid-Value
130,13102.0,11,3,94,1,1938.1000000000004,0,4,Mid-Value
131,16255.0,15,3,89,1,893.2100000000002,0,4,Mid-Value
132,15811.0,8,3,49,1,897.3299999999999,0,4,Mid-Value
133,16907.0,0,3,65,1,432.69999999999993,0,4,Mid-Value
134,17576.0,5,3,66,1,613.52,0,4,Mid-Value
135,14702.0,5,3,104,1,1060.6500000000005,0,4,Mid-Value
136,13230.0,5,3,116,1,530.2199999999997,0,4,Mid-Value
137,16265.0,5,3,122,1,2453.0400000000013,0,4,Mid-Value
138,16019.0,7,3,59,1,1953.5000000000002,0,4,Mid-Value
139,17865.0,2,3,62,1,1811.760000000001,0,4,Mid-Value
140,17085.0,10,3,117,1,986.0000000000001,0,4,Mid-Value
141,13668.0,6,3,78,1,1763.0799999999997,0,4,Mid-Value
142,16726.0,5,3,92,1,603.7900000000003,0,4,Mid-Value
143,14639.0,2,3,71,1,1246.0800000000004,0,4,Mid-Value
144,14961.0,8,3,92,1,2119.6800000000007,0,4,Mid-Value
145,14057.0,5,3,106,1,1549.6999999999996,0,4,Mid-Value
146,13178.0,6,3,57,1,1124.0,0,4,Mid-Value
147,16191.0,4,3,47,1,2082.2299999999996,0,4,Mid-Value
148,16556.0,5,3,59,1,950.9899999999998,0,4,Mid-Value
149,13097.0,3,3,105,1,1674.2000000000007,0,4,Mid-Value
150,12867.0,8,3,119,1,795.1999999999999,0,4,Mid-Value
151,17230.0,12,3,61,1,3606.75,0,4,Mid-Value
152,17214.0,3,3,46,1,453.09999999999974,0,4,Mid-Value
153,15615.0,8,3,75,1,2435.1000000000004,0,4,Mid-Value
154,16705.0,12,3,62,1,3631.0000000000014,0,4,Mid-Value
155,16746.0,3,3,106,1,1262.8900000000008,0,4,Mid-Value
156,13534.0,11,3,64,1,1131.75,0,4,Mid-Value
157,16945.0,15,3,46,1,780.6400000000001,0,4,Mid-Value
158,13004.0,8,3,91,1,1290.13,0,4,Mid-Value
159,17315.0,1,3,93,1,1134.2900000000002,0,4,Mid-Value
160,17358.0,13,3,59,1,365.84999999999985,0,4,Mid-Value
161,18245.0,15,3,57,1,864.4100000000002,0,4,Mid-Value
162,14099.0,5,3,76,1,818.7300000000002,0,4,Mid-Value
163,16875.0,7,3,52,1,846.9400000000002,0,4,Mid-Value
164,15046.0,12,3,60,1,1119.1899999999998,0,4,Mid-Value
165,17114.0,7,3,48,1,270.18999999999994,0,4,Mid-Value
166,15059.0,7,3,60,1,376.8599999999998,0,4,Mid-Value
167,14755.0,7,3,54,1,994.48,0,4,Mid-Value
168,12359.0,15,3,96,1,2386.4100000000003,0,4,Mid-Value
169,13246.0,3,3,64,1,1083.5600000000004,0,4,Mid-Value
170,15687.0,2,3,46,1,742.5500000000002,0,4,Mid-Value
171,14329.0,2,3,77,1,1575.4800000000002,0,4,Mid-Value
172,16843.0,1,3,47,1,1999.46,0,4,Mid-Value
173,17609.0,12,3,120,1,545.9899999999998,0,4,Mid-Value
174,14895.0,1,3,121,1,2391.9899999999993,0,4,Mid-Value
175,12727.0,7,3,61,1,1452.16,0,4,Mid-Value
176,14534.0,8,3,73,1,774.4800000000001,0,4,Mid-Value
177,13168.0,2,3,101,1,841.23,0,4,Mid-Value
178,17075.0,1,3,46,1,562.5999999999999,0,4,Mid-Value
179,14701.0,8,3,114,1,680.6700000000006,0,4,Mid-Value
180,14659.0,8,3,68,1,828.4700000000003,0,4,Mid-Value
181,14502.0,2,3,118,1,462.28999999999974,0,4,Mid-Value
182,15058.0,10,3,77,1,478.06999999999994,0,4,Mid-Value
183,12477.0,12,3,54,1,2360.15,0,4,Mid-Value
184,16745.0,6,3,86,1,747.7700000000002,0,4,Mid-Value
185,13725.0,3,3,60,1,1332.4800000000002,0,4,Mid-Value
186,14048.0,15,3,85,1,409.9299999999999,0,4,Mid-Value
187,16951.0,14,3,70,1,1053.7900000000009,0,4,Mid-Value
188,17537.0,14,3,61,1,630.7000000000004,0,4,Mid-Value
189,17686.0,13,3,68,1,1592.6100000000001,0,4,Mid-Value
190,17282.0,10,3,84,1,741.8499999999999,0,4,Mid-Value
191,17050.0,2,3,87,1,672.3399999999999,0,4,Mid-Value
192,17472.0,9,3,65,1,252.51,0,4,Mid-Value
193,17667.0,9,3,53,1,928.05,0,4,Mid-Value
194,16431.0,7,3,50,1,343.93,0,4,Mid-Value
195,14530.0,7,3,45,1,698.26,0,4,Mid-Value
196,16494.0,7,3,50,1,826.5299999999999,0,4,Mid-Value
197,15382.0,6,3,65,1,1019.4200000000005,0,4,Mid-Value
198,13151.0,6,3,74,1,1257.8700000000003,0,4,Mid-Value
199,12714.0,5,3,53,1,968.3,0,4,Mid-Value
200,18172.0,0,3,62,1,1989.6299999999997,0,4,Mid-Value
201,13744.0,2,3,53,1,893.1600000000002,0,4,Mid-Value
202,12988.0,2,3,92,1,535.32,0,4,Mid-Value
203,15065.0,2,3,48,1,773.6600000000001,0,4,Mid-Value
204,16980.0,2,3,78,1,732.3600000000004,0,4,Mid-Value
205,15146.0,2,3,63,1,834.2200000000005,0,4,Mid-Value
206,16014.0,1,3,62,1,262.9299999999999,0,4,Mid-Value
207,13421.0,0,3,65,1,827.1400000000001,0,4,Mid-Value
208,18196.0,0,3,78,1,450.78000000000014,0,4,Mid-Value
209,13285.0,0,3,52,1,666.8899999999999,0,4,Mid-Value
210,16940.0,0,3,83,1,757.68,0,4,Mid-Value
211,17920.0,25,2,105,1,895.7599999999998,0,3,Mid-Value
212,12868.0,26,2,46,1,673.2100000000002,0,3,Mid-Value
213,16456.0,17,2,62,1,1236.6800000000005,0,3,Mid-Value
214,15235.0,19,2,88,1,1313.04,0,3,Mid-Value
215,16770.0,23,2,67,1,556.7000000000004,0,3,Mid-Value
216,17228.0,22,2,48,1,479.38,0,3,Mid-Value
217,18239.0,23,2,52,1,918.5199999999996,0,3,Mid-Value
218,17884.0,22,2,93,1,602.8399999999998,0,3,Mid-Value
219,16477.0,30,2,59,1,961.71,0,3,Mid-Value
220,12712.0,19,2,47,1,1120.0800000000002,0,3,Mid-Value
221,15708.0,23,2,96,1,988.02,0,3,Mid-Value
222,17062.0,24,2,71,1,542.27,0,3,Mid-Value
223,14810.0,17,2,55,1,463.64,0,3,Mid-Value
224,17796.0,24,2,78,1,622.0000000000001,0,3,Mid-Value
225,16327.0,26,2,101,1,1158.22,0,3,Mid-Value
226,17863.0,21,2,48,1,890.6999999999999,0,3,Mid-Value
227,17965.0,26,2,92,1,746.35,0,3,Mid-Value
228,17068.0,23,2,69,1,855.1499999999996,0,3,Mid-Value
229,17223.0,20,2,49,1,426.78999999999985,0,3,Mid-Value
230,15194.0,22,2,114,1,2268.91,0,3,Mid-Value
231,14215.0,25,2,52,1,933.9100000000002,0,3,Mid-Value
232,16782.0,27,2,119,1,939.2399999999997,0,3,Mid-Value
233,17091.0,29,2,53,1,913.1000000000001,0,3,Mid-Value
234,17735.0,28,2,57,1,1048.6399999999999,0,3,Mid-Value
235,12347.0,27,2,60,1,1187.18,0,3,Mid-Value
236,18077.0,29,2,63,1,711.46,0,3,Mid-Value
237,13983.0,16,2,51,1,949.94,0,3,Mid-Value
238,13842.0,20,2,55,1,907.53,0,3,Mid-Value
239,17975.0,21,2,89,1,1379.73,0,3,Mid-Value
240,17722.0,27,2,80,1,1786.9800000000005,0,3,Mid-Value
241,17894.0,23,2,115,1,609.4499999999999,0,3,Mid-Value
242,12826.0,27,2,49,1,697.1000000000001,0,3,Mid-Value
243,12731.0,23,2,62,1,4246.33,0,3,Mid-Value
244,17220.0,23,2,69,1,637.5,0,3,Mid-Value
245,15179.0,29,2,45,1,1302.1200000000003,0,3,Mid-Value
246,17372.0,27,2,95,1,533.18,0,3,Mid-Value
247,15547.0,26,2,90,1,1006.0400000000005,0,3,Mid-Value
248,13198.0,29,2,77,1,1195.69,0,3,Mid-Value
249,12540.0,21,2,64,1,2382.8699999999994,0,3,Mid-Value
250,17799.0,30,2,119,1,1040.5599999999997,0,3,Mid-Value
251,15159.0,26,2,80,1,2698.1200000000013,0,3,Mid-Value
252,14426.0,23,2,47,1,725.4199999999995,0,3,Mid-Value
253,18223.0,32,2,60,1,1211.38,0,3,Mid-Value
254,17392.0,17,2,62,1,457.91,0,3,Mid-Value
255,12782.0,28,2,56,1,1205.03,0,3,Mid-Value
256,13869.0,23,2,71,1,897.8099999999995,0,3,Mid-Value
257,14146.0,26,2,70,1,2482.8599999999997,0,3,Mid-Value
258,12668.0,23,2,74,1,1479.670000000001,0,3,Mid-Value
259,12377.0,25,2,77,1,1628.1199999999997,0,3,Mid-Value
260,14462.0,18,2,59,1,479.0899999999998,0,3,Mid-Value
261,12578.0,27,2,76,1,1649.8099999999995,0,3,Mid-Value
262,16771.0,20,2,105,1,951.6200000000003,0,3,Mid-Value
263,18283.0,30,2,102,1,214.99999999999986,0,3,Mid-Value
264,13280.0,26,2,78,1,699.3600000000001,0,3,Mid-Value
265,15281.0,32,2,55,1,818.9199999999997,0,3,Mid-Value
266,15518.0,29,2,67,1,645.3000000000001,0,3,Mid-Value
267,14040.0,24,2,67,1,914.05,0,3,Mid-Value
268,12652.0,32,2,51,1,925.4299999999998,0,3,Mid-Value
269,12626.0,22,2,67,1,1381.65,0,3,Mid-Value
270,15696.0,25,2,48,1,777.5100000000001,0,3,Mid-Value
271,12637.0,27,2,75,1,1531.3300000000002,0,3,Mid-Value
272,13659.0,31,2,62,1,1045.4,0,3,Mid-Value
273,15443.0,31,2,51,1,437.70999999999987,0,3,Mid-Value
274,12625.0,20,2,58,1,1786.1199999999997,0,3,Mid-Value
275,14541.0,26,2,75,1,479.2499999999999,0,3,Mid-Value
276,14130.0,29,2,67,1,483.85999999999996,0,3,Mid-Value
277,13815.0,29,2,53,1,1012.0100000000001,0,3,Mid-Value
278,12744.0,29,2,56,1,2053.07,0,3,Mid-Value
279,14049.0,28,2,115,1,1043.8500000000001,0,3,Mid-Value
280,16714.0,27,2,93,1,1396.5299999999993,0,3,Mid-Value
281,16409.0,27,2,48,1,271.56,0,3,Mid-Value
282,12764.0,27,2,45,1,1693.8800000000003,0,3,Mid-Value
283,16767.0,26,2,50,1,1866.0200000000004,0,3,Mid-Value
284,15549.0,25,2,62,1,979.5999999999997,0,3,Mid-Value
285,17180.0,26,2,55,1,248.98999999999998,0,3,Mid-Value
286,15415.0,23,2,48,1,572.8099999999998,0,3,Mid-Value
287,17463.0,23,2,94,1,709.51,0,3,Mid-Value
288,17619.0,22,2,77,1,218.52000000000004,0,3,Mid-Value
289,14549.0,21,2,56,1,289.2399999999999,0,3,Mid-Value
290,16110.0,21,2,115,1,409.7000000000004,0,3,Mid-Value
291,14044.0,20,2,55,1,173.74,0,3,Mid-Value
292,17507.0,19,2,45,1,340.5599999999999,0,3,Mid-Value
293,13137.0,19,2,48,1,217.92999999999995,0,3,Mid-Value
294,15862.0,84,0,64,1,354.2299999999999,0,1,Low-Value
295,17908.0,84,0,58,1,243.2799999999999,0,1,Low-Value
296,12838.0,84,0,59,1,390.78999999999985,0,1,Low-Value
297,15983.0,71,0,81,1,1148.2700000000004,0,1,Low-Value
298,17968.0,84,0,85,1,277.34999999999997,0,1,Low-Value
299,17897.0,77,0,73,1,460.11999999999995,0,1,Low-Value
300,14729.0,84,0,71,1,313.48999999999995,0,1,Low-Value
301,15012.0,84,0,54,1,191.0599999999999,0,1,Low-Value
302,15525.0,84,0,57,1,313.9299999999999,0,1,Low-Value
303,16274.0,83,0,67,1,357.94999999999993,0,1,Low-Value
304,17017.0,70,0,75,1,2380.44,0,1,Low-Value
305,13418.0,69,0,49,1,1579.6199999999997,0,1,Low-Value
306,16244.0,83,0,63,1,1056.6299999999994,0,1,Low-Value
307,16916.0,83,0,50,1,198.07999999999996,0,1,Low-Value
308,17976.0,82,0,65,1,353.18999999999994,0,1,Low-Value
309,14449.0,82,0,50,1,210.24,0,1,Low-Value
310,14573.0,82,0,76,1,413.0999999999998,0,1,Low-Value
311,17967.0,82,0,48,1,123.07000000000002,0,1,Low-Value
312,16891.0,82,0,69,1,232.25999999999988,0,1,Low-Value
313,14083.0,64,0,95,1,459.8899999999999,0,1,Low-Value
314,13013.0,82,0,67,1,1528.3400000000004,0,1,Low-Value
315,14723.0,68,0,90,1,470.99999999999966,0,1,Low-Value
316,17198.0,76,0,77,1,521.6600000000001,0,1,Low-Value
317,13838.0,80,0,52,1,238.10999999999987,0,1,Low-Value
318,15351.0,80,0,53,1,288.06,0,1,Low-Value
319,18156.0,80,0,55,1,206.23,0,1,Low-Value
320,17059.0,80,0,117,1,722.3599999999993,0,1,Low-Value
321,17211.0,63,0,75,1,779.7100000000005,0,1,Low-Value
322,15880.0,80,0,106,1,373.28,0,1,Low-Value
323,16718.0,80,0,45,1,623.7500000000002,0,1,Low-Value
324,16402.0,79,0,57,1,211.79999999999993,0,1,Low-Value
325,15426.0,78,0,87,1,416.36999999999983,0,1,Low-Value
326,12647.0,68,0,53,1,1246.5,0,1,Low-Value
327,14506.0,79,0,50,1,269.69999999999993,0,1,Low-Value
328,15555.0,72,0,96,1,994.92,0,1,Low-Value
329,15889.0,79,0,66,1,297.9199999999999,0,1,Low-Value
330,15898.0,78,0,64,1,521.69,0,1,Low-Value
331,15919.0,79,0,49,1,270.7199999999999,0,1,Low-Value
332,17596.0,79,0,60,1,392.61999999999983,0,1,Low-Value
333,17860.0,79,0,58,1,252.79999999999998,0,1,Low-Value
334,16919.0,70,0,65,1,540.0099999999998,0,1,Low-Value
335,17259.0,79,0,87,1,381.64,0,1,Low-Value
336,16710.0,70,0,75,1,524.9699999999999,0,1,Low-Value
337,16550.0,78,0,51,1,563.7099999999999,0,1,Low-Value
338,13030.0,78,0,60,1,427.74,0,1,Low-Value
339,17191.0,78,0,72,1,510.1100000000001,0,1,Low-Value
340,13564.0,64,0,82,1,1198.3800000000006,0,1,Low-Value
341,15021.0,77,0,57,1,221.63999999999996,0,1,Low-Value
342,14907.0,71,0,48,1,961.94,0,1,Low-Value
343,16893.0,77,0,45,1,145.93000000000004,0,1,Low-Value
344,18043.0,77,0,66,1,316.45999999999987,0,1,Low-Value
345,16016.0,76,0,70,1,390.7699999999999,0,1,Low-Value
346,15581.0,64,0,49,1,325.9600000000001,0,1,Low-Value
347,16065.0,76,0,74,1,372.0900000000001,0,1,Low-Value
348,16520.0,76,0,60,1,325.7599999999999,0,1,Low-Value
349,16795.0,75,0,66,1,414.88000000000005,0,1,Low-Value
350,17827.0,75,0,112,1,1271.8000000000002,0,1,Low-Value
351,16727.0,74,0,46,1,272.81999999999994,0,1,Low-Value
352,15514.0,71,0,113,1,3060.98,0,1,Low-Value
353,16873.0,64,0,70,1,2187.390000000001,0,1,Low-Value
354,15503.0,73,0,70,1,147.09000000000003,0,1,Low-Value
355,14159.0,73,0,51,1,193.2199999999999,0,1,Low-Value
356,15998.0,73,0,118,1,863.39,0,1,Low-Value
357,17618.0,72,0,53,1,320.28000000000003,0,1,Low-Value
358,14544.0,72,0,57,1,1121.9200000000003,0,1,Low-Value
359,14565.0,72,0,54,1,1167.4100000000005,0,1,Low-Value
360,17303.0,72,0,53,1,250.03999999999994,0,1,Low-Value
361,16442.0,71,0,46,1,151.65999999999997,0,1,Low-Value
362,12370.0,68,0,91,1,1868.02,0,1,Low-Value
363,16805.0,71,0,55,1,214.76999999999995,0,1,Low-Value
364,17449.0,70,0,73,1,684.2600000000001,0,1,Low-Value
365,13124.0,69,0,61,1,1256.3200000000002,0,1,Low-Value
366,12577.0,69,0,67,1,195.89,0,1,Low-Value
367,15157.0,67,0,56,1,1115.6999999999998,0,1,Low-Value
368,15532.0,68,0,50,1,356.34999999999997,0,1,Low-Value
369,14985.0,68,0,50,1,124.51000000000006,0,1,Low-Value
370,15460.0,64,0,58,1,216.76,0,1,Low-Value
371,16270.0,63,0,54,1,1141.2399999999996,0,1,Low-Value
372,14307.0,34,1,79,1,1270.5600000000002,0,2,Low-Value
373,17690.0,37,1,76,1,1583.400000000001,0,2,Low-Value
374,13715.0,47,1,100,1,967.2499999999997,0,2,Low-Value
375,14135.0,37,1,70,1,1811.9100000000005,0,2,Low-Value
376,17581.0,40,1,65,1,1276.8300000000004,0,2,Low-Value
377,14395.0,44,1,63,1,689.3600000000002,0,2,Low-Value
378,17238.0,33,1,86,1,508.63999999999976,0,2,Low-Value
379,16241.0,49,1,71,1,438.0299999999999,0,2,Low-Value
380,15023.0,35,1,105,1,1037.8999999999996,0,2,Low-Value
381,14404.0,37,1,46,1,455.68000000000006,0,2,Low-Value
382,16719.0,49,1,60,1,583.1800000000001,0,2,Low-Value
383,13155.0,37,1,63,1,569.1999999999999,0,2,Low-Value
384,17019.0,41,1,90,1,629.9099999999997,0,2,Low-Value
385,17218.0,44,1,119,1,775.6299999999993,0,2,Low-Value
386,16059.0,37,1,49,1,263.24999999999994,0,2,Low-Value
387,13267.0,42,1,46,1,1012.5700000000002,0,2,Low-Value
388,17406.0,41,1,116,1,2472.12,0,2,Low-Value
389,15529.0,34,1,76,1,570.8899999999998,0,2,Low-Value
390,15916.0,40,1,48,1,593.36,0,2,Low-Value
391,12481.0,47,1,46,1,1394.4300000000003,0,2,Low-Value
392,12683.0,33,1,77,1,1849.9700000000003,0,2,Low-Value
393,13982.0,37,1,52,1,903.7999999999998,0,2,Low-Value
394,12872.0,37,1,66,1,599.9699999999998,0,2,Low-Value
395,17097.0,35,1,63,1,287.64,0,2,Low-Value
396,14713.0,33,1,80,1,648.0899999999996,0,2,Low-Value
397,17890.0,33,1,94,1,602.0900000000005,0,2,Low-Value
398,16503.0,41,1,53,1,852.2900000000001,0,2,Low-Value
399,15727.0,41,1,99,1,2091.6000000000004,0,2,Low-Value
400,16670.0,36,1,52,1,784.4100000000002,0,2,Low-Value
401,17744.0,33,1,51,1,1039.7199999999996,0,2,Low-Value
402,14769.0,35,1,59,1,881.1400000000001,0,2,Low-Value
403,14472.0,45,1,70,1,614.1399999999998,0,2,Low-Value
404,15034.0,48,1,82,1,1426.3500000000001,0,2,Low-Value
405,12383.0,34,1,69,1,1263.1299999999999,0,2,Low-Value
406,12585.0,48,1,74,1,1318.8899999999999,0,2,Low-Value
407,13680.0,47,1,91,1,3911.7000000000003,0,2,Low-Value
408,17634.0,48,1,74,1,785.6500000000005,0,2,Low-Value
409,13764.0,47,1,69,1,499.8899999999999,0,2,Low-Value
410,16889.0,47,1,48,1,523.0500000000001,0,2,Low-Value
411,12484.0,46,1,98,1,1138.6700000000005,0,2,Low-Value
412,17555.0,45,1,49,1,195.44999999999996,0,2,Low-Value
413,16735.0,45,1,47,1,660.3600000000001,0,2,Low-Value
414,13451.0,44,1,48,1,401.4899999999999,0,2,Low-Value
415,17365.0,43,1,79,1,742.66,0,2,Low-Value
416,14669.0,43,1,110,1,842.4499999999999,0,2,Low-Value
417,16791.0,42,1,53,1,255.37999999999994,0,2,Low-Value
418,17364.0,33,1,52,1,461.68000000000006,0,2,Low-Value
419,16395.0,34,1,60,1,450.5600000000001,0,2,Low-Value
420,15033.0,40,1,64,1,570.0700000000002,0,2,Low-Value
421,18069.0,37,1,77,1,302.60999999999996,0,2,Low-Value
422,15673.0,37,1,53,1,969.9500000000002,0,2,Low-Value
423,15296.0,37,1,61,1,1199.33,0,2,Low-Value
424,14657.0,36,1,62,1,416.0799999999999,0,2,Low-Value
425,12451.0,35,1,101,1,2919.5099999999998,0,2,Low-Value
426,17602.0,34,1,103,1,767.05,0,2,Low-Value
427,14572.0,34,1,58,1,350.5799999999999,0,2,Low-Value
428,17277.0,33,1,52,1,717.0200000000001,0,2,Low-Value
429,17809.0,12,3,17,0,1861.7,0,3,Mid-Value
430,16098.0,9,3,19,0,852.4,0,3,Mid-Value
431,17924.0,8,3,7,0,547.9000000000001,0,3,Mid-Value
432,12662.0,15,3,36,0,630.8799999999999,0,3,Mid-Value
433,15605.0,0,3,19,0,377.59999999999997,0,3,Mid-Value
434,16928.0,9,3,18,0,394.84999999999997,0,3,Mid-Value
435,18229.0,5,3,22,0,1372.8999999999996,0,3,Mid-Value
436,13576.0,1,3,36,0,1697.69,0,3,Mid-Value
437,13941.0,8,3,20,0,2194.5600000000004,0,3,Mid-Value
438,15658.0,11,3,30,0,620.3499999999999,0,3,Mid-Value
439,16546.0,1,3,31,0,1670.23,0,3,Mid-Value
440,13305.0,6,3,11,0,288.9,0,3,Mid-Value
441,15738.0,12,3,38,0,967.3700000000001,0,3,Mid-Value
442,15827.0,9,3,40,0,614.84,0,3,Mid-Value
443,17412.0,13,3,29,0,589.1200000000001,0,3,Mid-Value
444,17659.0,9,3,23,0,474.94999999999993,0,3,Mid-Value
445,15299.0,11,3,4,0,1900.9200000000003,0,3,Mid-Value
446,14443.0,15,3,44,0,627.7200000000003,0,3,Mid-Value
447,17135.0,0,3,21,0,500.55000000000007,0,3,Mid-Value
448,12967.0,12,3,20,0,1690.8500000000001,0,3,Mid-Value
449,15240.0,11,3,19,0,333.9000000000001,0,3,Mid-Value
450,18225.0,15,3,25,0,500.62000000000006,0,3,Mid-Value
451,17949.0,0,3,4,0,2178.0,0,3,Mid-Value
452,17819.0,7,3,28,0,1879.92,0,3,Mid-Value
453,15373.0,0,3,40,0,1102.8000000000002,0,3,Mid-Value
454,14898.0,13,3,21,0,499.25000000000006,0,3,Mid-Value
455,15465.0,3,3,35,0,2609.2599999999998,0,3,Mid-Value
456,16353.0,5,3,14,0,1295.2,0,3,Mid-Value
457,17858.0,15,3,37,0,2108.0000000000005,0,3,Mid-Value
458,18219.0,6,3,30,0,484.36999999999995,0,3,Mid-Value
459,14293.0,15,3,22,0,508.0199999999998,0,3,Mid-Value
460,16638.0,1,3,44,0,741.8899999999999,0,3,Mid-Value
461,13094.0,12,3,6,0,452.64,0,3,Mid-Value
462,12474.0,15,3,40,0,643.0500000000001,0,3,Mid-Value
463,15602.0,12,3,18,0,606.2399999999999,0,3,Mid-Value
464,12913.0,11,3,11,0,731.42,0,3,Mid-Value
465,14176.0,8,3,32,0,579.8,0,3,Mid-Value
466,13880.0,7,3,17,0,308.0,0,3,Mid-Value
467,16775.0,1,3,40,0,577.0999999999999,0,3,Mid-Value
468,16306.0,4,3,41,0,624.47,0,3,Mid-Value
469,12709.0,14,3,42,0,2611.0299999999997,0,3,Mid-Value
470,13599.0,12,3,32,0,760.6600000000002,0,3,Mid-Value
471,14744.0,1,3,18,0,936.53,0,3,Mid-Value
472,13199.0,7,3,25,0,1875.0400000000002,0,3,Mid-Value
473,16525.0,5,3,43,0,2734.7900000000004,0,3,Mid-Value
474,18061.0,1,3,13,0,817.3299999999999,0,3,Mid-Value
475,16553.0,15,3,25,0,1949.6900000000003,0,3,Mid-Value
476,13115.0,11,3,3,0,14.6,0,3,Mid-Value
477,13848.0,8,3,4,0,935.0,0,3,Mid-Value
478,17655.0,14,3,24,0,1057.2000000000003,0,3,Mid-Value
479,12963.0,9,3,17,0,381.4000000000001,0,3,Mid-Value
480,15079.0,1,3,28,0,511.19000000000017,0,3,Mid-Value
481,13854.0,0,3,42,0,2332.9,0,3,Mid-Value
482,12494.0,1,3,24,0,343.59999999999997,0,3,Mid-Value
483,17857.0,6,3,8,0,2127.54,0,3,Mid-Value
484,17526.0,1,3,11,0,887.8,0,3,Mid-Value
485,13021.0,12,3,9,0,184.38,0,3,Mid-Value
486,18230.0,13,3,20,0,545.82,0,3,Mid-Value
487,14441.0,12,3,3,0,96.1,0,3,Mid-Value
488,17442.0,1,3,29,0,457.83,0,3,Mid-Value
489,13327.0,6,3,26,0,947.9000000000001,0,3,Mid-Value
490,17790.0,12,3,35,0,516.3499999999999,0,3,Mid-Value
491,16656.0,2,3,18,0,1441.47,0,3,Mid-Value
492,14543.0,6,3,17,0,946.2499999999999,0,3,Mid-Value
493,12989.0,5,3,10,0,1916.1999999999998,0,3,Mid-Value
494,14107.0,6,3,32,0,635.8400000000001,0,3,Mid-Value
495,17236.0,10,3,38,0,445.37,0,3,Mid-Value
496,17188.0,12,3,41,0,1623.0900000000001,0,3,Mid-Value
497,17937.0,9,3,22,0,2693.88,0,3,Mid-Value
498,16701.0,0,3,27,0,1248.7699999999998,0,3,Mid-Value
499,12476.0,9,3,38,0,779.8799999999999,0,3,Mid-Value
500,18075.0,14,3,41,0,643.4500000000003,0,3,Mid-Value
501,16458.0,15,3,20,0,393.7,0,3,Mid-Value
502,16531.0,4,3,31,0,484.82999999999987,0,3,Mid-Value
503,17454.0,10,3,38,0,298.09999999999997,0,3,Mid-Value
504,15290.0,1,3,35,0,854.48,0,3,Mid-Value
505,16607.0,13,3,23,0,1181.73,0,3,Mid-Value
506,16037.0,15,3,24,0,603.46,0,3,Mid-Value
507,12980.0,0,3,10,0,2904.6899999999996,0,3,Mid-Value
508,14878.0,3,3,31,0,433.88999999999993,0,3,Mid-Value
509,14309.0,6,3,30,0,621.24,0,3,Mid-Value
510,17288.0,5,3,15,0,290.52,0,3,Mid-Value
511,15759.0,7,3,6,0,185.04000000000002,0,3,Mid-Value
512,14735.0,0,3,35,0,1056.75,0,3,Mid-Value
513,14560.0,13,3,26,0,679.6700000000001,0,3,Mid-Value
514,12931.0,8,3,7,0,1955.3999999999999,0,3,Mid-Value
515,16711.0,12,3,3,0,598.8000000000001,0,3,Mid-Value
516,12423.0,2,3,31,0,430.2399999999999,0,3,Mid-Value
517,17306.0,7,3,15,0,1691.6799999999998,0,3,Mid-Value
518,14944.0,7,3,29,0,793.8899999999999,0,3,Mid-Value
519,13397.0,5,3,15,0,601.77,0,3,Mid-Value
520,17389.0,5,3,19,0,1227.24,0,3,Mid-Value
521,14258.0,9,3,40,0,4286.1799999999985,0,3,Mid-Value
522,13750.0,7,3,8,0,688.8,0,3,Mid-Value
523,17095.0,9,3,36,0,762.0699999999999,0,3,Mid-Value
524,12939.0,9,3,21,0,5309.279999999998,0,3,Mid-Value
525,12500.0,6,3,10,0,718.92,0,3,Mid-Value
526,12524.0,2,3,28,0,862.73,0,3,Mid-Value
527,13672.0,11,3,16,0,444.23999999999995,0,3,Mid-Value
528,14229.0,2,3,29,0,858.73,0,3,Mid-Value
529,12601.0,13,3,15,0,257.36,0,3,Mid-Value
530,15370.0,7,3,36,0,754.2199999999999,0,3,Mid-Value
531,15189.0,15,3,13,0,1082.61,0,3,Mid-Value
532,13862.0,1,3,44,0,688.4500000000004,0,3,Mid-Value
533,16235.0,6,3,21,0,353.35999999999996,0,3,Mid-Value
534,12523.0,1,3,15,0,246.35000000000002,0,3,Mid-Value
535,16359.0,13,3,19,0,313.44999999999993,0,3,Mid-Value
536,14715.0,9,3,22,0,247.45,0,3,Mid-Value
537,12951.0,8,3,21,0,314.59000000000003,0,3,Mid-Value
538,13993.0,0,3,38,0,822.8500000000001,0,3,Mid-Value
539,12553.0,4,3,42,0,742.91,0,3,Mid-Value
540,16401.0,5,3,19,0,665.8,0,3,Mid-Value
541,12388.0,15,3,25,0,555.3500000000001,0,3,Mid-Value
542,14101.0,5,3,15,0,1844.03,0,3,Mid-Value
543,17730.0,8,3,35,0,693.2899999999998,0,3,Mid-Value
544,12527.0,5,3,15,0,284.92,0,3,Mid-Value
545,15606.0,7,3,20,0,609.1700000000001,0,3,Mid-Value
546,16321.0,15,3,10,0,291.59999999999997,0,3,Mid-Value
547,16912.0,1,3,32,0,757.6399999999999,0,3,Mid-Value
548,12594.0,5,3,25,0,597.0,0,3,Mid-Value
549,14692.0,10,3,40,0,390.3500000000001,0,3,Mid-Value
550,13819.0,12,3,36,0,1140.35,0,3,Mid-Value
551,16730.0,12,3,16,0,227.34000000000003,0,3,Mid-Value
552,15797.0,15,3,6,0,1510.2,0,3,Mid-Value
553,16133.0,4,3,14,0,338.46000000000004,0,3,Mid-Value
554,13098.0,11,3,25,0,982.85,0,3,Mid-Value
555,14133.0,11,3,18,0,333.3,0,3,Mid-Value
556,16897.0,9,3,44,0,366.53,0,3,Mid-Value
557,16403.0,12,3,15,0,193.95000000000002,0,3,Mid-Value
558,16407.0,7,3,22,0,338.24,0,3,Mid-Value
559,17035.0,11,3,22,0,304.71,0,3,Mid-Value
560,13110.0,12,3,21,0,307.35,0,3,Mid-Value
561,16716.0,13,3,2,0,1315.8000000000002,0,3,Mid-Value
562,14665.0,7,3,43,0,749.46,0,3,Mid-Value
563,17560.0,13,3,5,0,162.1,0,3,Mid-Value
564,16378.0,7,3,20,0,287.05,0,3,Mid-Value
565,13894.0,12,3,11,0,170.75,0,3,Mid-Value
566,18250.0,11,3,22,0,355.62000000000006,0,3,Mid-Value
567,15270.0,11,3,24,0,1054.8999999999999,0,3,Mid-Value
568,16405.0,12,3,5,0,167.25,0,3,Mid-Value
569,17071.0,11,3,19,0,317.35,0,3,Mid-Value
570,13873.0,14,3,8,0,129.35,0,3,Mid-Value
571,16333.0,2,3,4,0,2508.48,0,3,Mid-Value
572,14497.0,11,3,31,0,493.26999999999987,0,3,Mid-Value
573,17334.0,11,3,12,0,307.44000000000005,0,3,Mid-Value
574,12410.0,11,3,28,0,705.5799999999999,0,3,Mid-Value
575,13911.0,8,3,40,0,559.27,0,3,Mid-Value
576,14842.0,12,3,3,0,605.0,0,3,Mid-Value
577,16332.0,15,3,11,0,122.30000000000001,0,3,Mid-Value
578,14475.0,12,3,19,0,328.09999999999997,0,3,Mid-Value
579,17859.0,15,3,25,0,148.21,0,3,Mid-Value
580,12576.0,15,3,19,0,266.85,0,3,Mid-Value
581,15753.0,15,3,1,0,79.2,0,3,Mid-Value
582,12599.0,15,3,14,0,201.86,0,3,Mid-Value
583,14562.0,14,3,28,0,262.84999999999997,0,3,Mid-Value
584,16998.0,14,3,1,0,90.0,0,3,Mid-Value
585,13133.0,14,3,3,0,52.349999999999994,0,3,Mid-Value
586,17881.0,14,3,8,0,133.35000000000002,0,3,Mid-Value
587,15843.0,14,3,8,0,118.95,0,3,Mid-Value
588,17083.0,6,3,34,0,996.0199999999998,0,3,Mid-Value
589,15970.0,14,3,11,0,314.1,0,3,Mid-Value
590,13590.0,14,3,13,0,309.06,0,3,Mid-Value
591,12401.0,13,3,5,0,84.3,0,3,Mid-Value
592,12462.0,5,3,44,0,782.9100000000001,0,3,Mid-Value
593,17843.0,13,3,37,0,205.48000000000002,0,3,Mid-Value
594,13706.0,13,3,20,0,330.78999999999996,0,3,Mid-Value
595,17940.0,13,3,5,0,1045.44,0,3,Mid-Value
596,14431.0,9,3,22,0,542.9599999999999,0,3,Mid-Value
597,15809.0,13,3,13,0,198.80000000000004,0,3,Mid-Value
598,12561.0,13,3,16,0,238.85,0,3,Mid-Value
599,14465.0,13,3,7,0,597.3,0,3,Mid-Value
600,18093.0,4,3,25,0,1140.6200000000001,0,3,Mid-Value
601,16027.0,4,3,4,0,403.02,0,3,Mid-Value
602,12857.0,13,3,34,0,801.6,0,3,Mid-Value
603,16425.0,12,3,21,0,302.69999999999993,0,3,Mid-Value
604,16842.0,12,3,30,0,520.5699999999999,0,3,Mid-Value
605,15796.0,12,3,20,0,346.87000000000006,0,3,Mid-Value
606,14555.0,12,3,16,0,197.94000000000003,0,3,Mid-Value
607,15114.0,12,3,17,0,259.04999999999995,0,3,Mid-Value
608,15133.0,12,3,10,0,333.2,0,3,Mid-Value
609,17705.0,12,3,10,0,136.3,0,3,Mid-Value
610,18087.0,1,3,3,0,3243.72,0,3,Mid-Value
611,12897.0,12,3,2,0,128.8,0,3,Mid-Value
612,17512.0,1,3,31,0,656.16,0,3,Mid-Value
613,15550.0,12,3,12,0,137.89999999999998,0,3,Mid-Value
614,14676.0,11,3,1,0,1.25,0,3,Mid-Value
615,12505.0,11,3,1,0,4.5,0,3,Mid-Value
616,18159.0,11,3,23,0,530.1500000000002,0,3,Mid-Value
617,14304.0,11,3,10,0,186.35000000000002,0,3,Mid-Value
618,15638.0,11,3,2,0,94.0,0,3,Mid-Value
619,12943.0,11,3,1,0,3.75,0,3,Mid-Value
620,13875.0,11,3,24,0,340.65000000000003,0,3,Mid-Value
621,15406.0,11,3,43,0,252.2899999999999,0,3,Mid-Value
622,18084.0,11,3,1,0,2.95,0,3,Mid-Value
623,16434.0,10,3,26,0,401.0,0,3,Mid-Value
624,13171.0,9,3,23,0,140.35,0,3,Mid-Value
625,17255.0,9,3,38,0,112.46000000000002,0,3,Mid-Value
626,16084.0,9,3,38,0,436.17999999999995,0,3,Mid-Value
627,12507.0,9,3,13,0,446.15999999999997,0,3,Mid-Value
628,14631.0,9,3,12,0,309.49999999999994,0,3,Mid-Value
629,13381.0,9,3,24,0,416.10999999999996,0,3,Mid-Value
630,15236.0,9,3,15,0,321.05,0,3,Mid-Value
631,13475.0,9,3,23,0,317.11999999999995,0,3,Mid-Value
632,17829.0,9,3,30,0,889.24,0,3,Mid-Value
633,13717.0,9,3,21,0,298.04999999999995,0,3,Mid-Value
634,13157.0,8,3,11,0,197.82,0,3,Mid-Value
635,14644.0,8,3,8,0,187.50000000000003,0,3,Mid-Value
636,12993.0,8,3,8,0,102.89999999999999,0,3,Mid-Value
637,17571.0,8,3,44,0,284.34999999999997,0,3,Mid-Value
638,16979.0,4,3,12,0,357.0999999999999,0,3,Mid-Value
639,16738.0,8,3,1,0,3.75,0,3,Mid-Value
640,15122.0,4,3,26,0,408.9399999999999,0,3,Mid-Value
641,17612.0,4,3,19,0,311.41,0,3,Mid-Value
642,17348.0,8,3,36,0,160.15000000000003,0,3,Mid-Value
643,13893.0,8,3,21,0,821.1,0,3,Mid-Value
644,14035.0,8,3,11,0,301.59999999999997,0,3,Mid-Value
645,13623.0,8,3,17,0,175.89999999999995,0,3,Mid-Value
646,14346.0,7,3,17,0,262.44,0,3,Mid-Value
647,12616.0,0,3,13,0,273.85,0,3,Mid-Value
648,16317.0,7,3,30,0,570.76,0,3,Mid-Value
649,14935.0,7,3,10,0,1784.7099999999998,0,3,Mid-Value
650,16073.0,2,3,2,0,150.45,0,3,Mid-Value
651,14477.0,7,3,1,0,165.0,0,3,Mid-Value
652,14760.0,4,3,7,0,124.60000000000001,0,3,Mid-Value
653,14897.0,7,3,10,0,175.5,0,3,Mid-Value
654,15810.0,7,3,26,0,377.32,0,3,Mid-Value
655,16509.0,7,3,13,0,363.7,0,3,Mid-Value
656,14386.0,7,3,7,0,142.4,0,3,Mid-Value
657,12455.0,5,3,42,0,1698.8999999999996,0,3,Mid-Value
658,15670.0,7,3,12,0,173.05,0,3,Mid-Value
659,12653.0,7,3,16,0,779.1,0,3,Mid-Value
660,16126.0,7,3,22,0,891.3500000000001,0,3,Mid-Value
661,14609.0,7,3,1,0,144.0,0,3,Mid-Value
662,13414.0,7,3,1,0,390.0,0,3,Mid-Value
663,12823.0,7,3,1,0,306.0,0,3,Mid-Value
664,12352.0,7,3,15,0,296.49999999999994,0,3,Mid-Value
665,12372.0,7,3,20,0,399.22,0,3,Mid-Value
666,14959.0,7,3,22,0,178.66000000000003,0,3,Mid-Value
667,16148.0,6,3,1,0,76.32000000000001,0,3,Mid-Value
668,17422.0,2,3,22,0,376.6,0,3,Mid-Value
669,17175.0,6,3,27,0,519.08,0,3,Mid-Value
670,18257.0,1,3,17,0,378.80000000000007,0,3,Mid-Value
671,12362.0,6,3,27,0,479.1,0,3,Mid-Value
672,13018.0,6,3,18,0,331.2,0,3,Mid-Value
673,13718.0,6,3,7,0,114.05000000000001,0,3,Mid-Value
674,14754.0,6,3,15,0,228.27000000000004,0,3,Mid-Value
675,12654.0,6,3,11,0,166.60000000000002,0,3,Mid-Value
676,13085.0,5,3,13,0,278.1,0,3,Mid-Value
677,15903.0,5,3,16,0,161.28000000000003,0,3,Mid-Value
678,15785.0,5,3,29,0,928.5799999999999,0,3,Mid-Value
679,18138.0,5,3,8,0,152.65,0,3,Mid-Value
680,14379.0,5,3,17,0,110.98,0,3,Mid-Value
681,14211.0,0,3,6,0,147.8,0,3,Mid-Value
682,14371.0,5,3,4,0,100.5,0,3,Mid-Value
683,13425.0,5,3,27,0,401.57000000000005,0,3,Mid-Value
684,12852.0,0,3,20,0,323.3499999999999,0,3,Mid-Value
685,15228.0,5,3,32,0,904.85,0,3,Mid-Value
686,13012.0,5,3,19,0,377.27000000000004,0,3,Mid-Value
687,16182.0,5,3,4,0,825.0,0,3,Mid-Value
688,13489.0,5,3,6,0,77.27999999999999,0,3,Mid-Value
689,13904.0,5,3,17,0,201.11999999999992,0,3,Mid-Value
690,15755.0,5,3,19,0,314.68,0,3,Mid-Value
691,13932.0,5,3,16,0,307.4,0,3,Mid-Value
692,13799.0,4,3,16,0,341.7,0,3,Mid-Value
693,13951.0,4,3,12,0,212.56,0,3,Mid-Value
694,16765.0,4,3,1,0,34.0,0,3,Mid-Value
695,16566.0,3,3,2,0,94.89999999999999,0,3,Mid-Value
696,12891.0,3,3,1,0,42.0,0,3,Mid-Value
697,16466.0,3,3,17,0,111.66999999999999,0,3,Mid-Value
698,16115.0,3,3,24,0,138.83,0,3,Mid-Value
699,14162.0,3,3,13,0,177.68,0,3,Mid-Value
700,13301.0,3,3,20,0,173.91,0,3,Mid-Value
701,14803.0,3,3,14,0,542.15,0,3,Mid-Value
702,17323.0,2,3,32,0,141.69000000000003,0,3,Mid-Value
703,12707.0,2,3,33,0,603.42,0,3,Mid-Value
704,18094.0,2,3,16,0,504.7199999999999,0,3,Mid-Value
705,15129.0,2,3,14,0,355.40000000000003,0,3,Mid-Value
706,17361.0,2,3,1,0,45.0,0,3,Mid-Value
707,18155.0,2,3,8,0,113.93,0,3,Mid-Value
708,15321.0,2,3,38,0,1159.4700000000003,0,3,Mid-Value
709,13477.0,2,3,12,0,185.4,0,3,Mid-Value
710,12365.0,1,3,23,0,962.0699999999999,0,3,Mid-Value
711,13410.0,1,3,8,0,250.23999999999998,0,3,Mid-Value
712,13044.0,1,3,33,0,560.4700000000001,0,3,Mid-Value
713,16441.0,1,3,13,0,211.0,0,3,Mid-Value
714,14520.0,1,3,1,0,165.0,0,3,Mid-Value
715,17994.0,1,3,44,0,307.25,0,3,Mid-Value
716,13038.0,1,3,15,0,395.09999999999997,0,3,Mid-Value
717,17002.0,1,3,17,0,513.0600000000001,0,3,Mid-Value
718,15722.0,1,3,11,0,324.05,0,3,Mid-Value
719,16349.0,1,3,9,0,53.5,0,3,Mid-Value
720,16913.0,1,3,8,0,113.44000000000001,0,3,Mid-Value
721,18114.0,1,3,28,0,220.1,0,3,Mid-Value
722,15303.0,0,3,31,0,574.02,0,3,Mid-Value
723,12845.0,0,3,21,0,65.09,0,3,Mid-Value
724,18188.0,0,3,16,0,426.6,0,3,Mid-Value
725,16045.0,0,3,43,0,664.4500000000003,0,3,Mid-Value
726,16573.0,0,3,16,0,292.62999999999994,0,3,Mid-Value
727,13184.0,0,3,20,0,212.51999999999998,0,3,Mid-Value
728,18151.0,0,3,17,0,312.55,0,3,Mid-Value
729,13804.0,0,3,41,0,723.6299999999999,0,3,Mid-Value
730,17499.0,0,3,40,0,622.88,0,3,Mid-Value
731,15397.0,0,3,6,0,94.0,0,3,Mid-Value
732,14276.0,0,3,19,0,341.19999999999993,0,3,Mid-Value
733,13453.0,0,3,8,0,185.0,0,3,Mid-Value
734,16394.0,0,3,26,0,312.41,0,3,Mid-Value
735,17711.0,0,3,13,0,220.53000000000003,0,3,Mid-Value
736,13865.0,0,3,7,0,123.30000000000001,0,3,Mid-Value
737,14289.0,0,3,19,0,322.24,0,3,Mid-Value
738,16208.0,0,3,2,0,30.300000000000004,0,3,Mid-Value
739,13047.0,20,2,44,0,828.4800000000001,0,2,Low-Value
740,15291.0,30,2,35,0,1414.43,0,2,Low-Value
741,18144.0,29,2,10,0,660.05,0,2,Low-Value
742,14496.0,22,2,19,0,538.8100000000001,0,2,Low-Value
743,12947.0,28,2,36,0,765.5499999999997,0,2,Low-Value
744,17460.0,28,2,8,0,203.8,0,2,Low-Value
745,15694.0,22,2,24,0,1300.9199999999998,0,2,Low-Value
746,13117.0,29,2,34,0,499.92999999999984,0,2,Low-Value
747,14466.0,19,2,17,0,703.25,0,2,Low-Value
748,15107.0,21,2,20,0,391.34,0,2,Low-Value
749,15838.0,21,2,6,0,1515.8,0,2,Low-Value
750,13491.0,21,2,42,0,641.83,0,2,Low-Value
751,17685.0,18,2,41,0,1186.22,0,2,Low-Value
752,12600.0,20,2,15,0,702.7400000000001,0,2,Low-Value
753,12779.0,19,2,42,0,1198.58,0,2,Low-Value
754,16168.0,29,2,8,0,403.5,0,2,Low-Value
755,13506.0,22,2,29,0,464.22,0,2,Low-Value
756,16983.0,30,2,23,0,358.75000000000006,0,2,Low-Value
757,14409.0,29,2,14,0,817.3000000000002,0,2,Low-Value
758,14850.0,22,2,22,0,373.3499999999999,0,2,Low-Value
759,13963.0,18,2,35,0,664.54,0,2,Low-Value
760,13769.0,32,2,32,0,631.8200000000003,0,2,Low-Value
761,14952.0,16,2,28,0,1761.88,0,2,Low-Value
762,14217.0,21,2,22,0,395.75,0,2,Low-Value
763,14299.0,26,2,34,0,2604.19,0,2,Low-Value
764,16717.0,20,2,18,0,336.34999999999997,0,2,Low-Value
765,14243.0,28,2,40,0,800.4000000000002,0,2,Low-Value
766,14440.0,27,2,31,0,1185.71,0,2,Low-Value
767,15596.0,27,2,43,0,780.4200000000001,0,2,Low-Value
768,17912.0,20,2,40,0,326.41,0,2,Low-Value
769,18178.0,19,2,35,0,633.95,0,2,Low-Value
770,15881.0,22,2,32,0,564.5400000000001,0,2,Low-Value
771,18016.0,25,2,40,0,324.74999999999994,0,2,Low-Value
772,18037.0,32,2,8,0,39.55,0,2,Low-Value
773,14290.0,26,2,25,0,784.7600000000001,0,2,Low-Value
774,15854.0,21,2,25,0,747.3,0,2,Low-Value
775,17293.0,18,2,25,0,469.35,0,2,Low-Value
776,17375.0,22,2,43,0,286.37,0,2,Low-Value
777,15777.0,28,2,8,0,778.6499999999999,0,2,Low-Value
778,13324.0,23,2,10,0,1110.6000000000001,0,2,Low-Value
779,13802.0,22,2,22,0,1087.19,0,2,Low-Value
780,16570.0,22,2,18,0,495.21000000000004,0,2,Low-Value
781,14401.0,25,2,20,0,552.1200000000001,0,2,Low-Value
782,17692.0,16,2,32,0,453.96000000000004,0,2,Low-Value
783,13890.0,27,2,12,0,195.45000000000002,0,2,Low-Value
784,17001.0,29,2,32,0,772.89,0,2,Low-Value
785,16985.0,21,2,33,0,1276.06,0,2,Low-Value
786,14709.0,25,2,37,0,731.9499999999999,0,2,Low-Value
787,17580.0,22,2,44,0,168.02,0,2,Low-Value
788,16816.0,23,2,20,0,325.45,0,2,Low-Value
789,14334.0,30,2,42,0,672.5700000000002,0,2,Low-Value
790,18260.0,32,2,40,0,806.0200000000006,0,2,Low-Value
791,17848.0,20,2,13,0,213.91000000000003,0,2,Low-Value
792,12348.0,29,2,23,0,1120.24,0,2,Low-Value
793,12417.0,29,2,30,0,646.7300000000001,0,2,Low-Value
794,12726.0,26,2,25,0,571.8599999999999,0,2,Low-Value
795,17888.0,28,2,18,0,122.13,0,2,Low-Value
796,12691.0,28,2,15,0,406.19999999999993,0,2,Low-Value
797,14113.0,22,2,7,0,892.25,0,2,Low-Value
798,17621.0,23,2,15,0,901.78,0,2,Low-Value
799,15527.0,26,2,27,0,580.3,0,2,Low-Value
800,17239.0,23,2,16,0,385.05000000000007,0,2,Low-Value
801,14532.0,24,2,23,0,405.3999999999999,0,2,Low-Value
802,17457.0,19,2,8,0,717.06,0,2,Low-Value
803,13629.0,21,2,8,0,1425.0,0,2,Low-Value
804,15661.0,27,2,5,0,309.8,0,2,Low-Value
805,17368.0,28,2,42,0,1257.1500000000003,0,2,Low-Value
806,12735.0,26,2,43,0,779.5699999999998,0,2,Low-Value
807,14312.0,21,2,23,0,436.37,0,2,Low-Value
808,18198.0,21,2,27,0,604.1,0,2,Low-Value
809,16326.0,24,2,43,0,426.6299999999999,0,2,Low-Value
810,16748.0,19,2,19,0,609.8,0,2,Low-Value
811,17849.0,16,2,15,0,345.09999999999997,0,2,Low-Value
812,16497.0,28,2,27,0,512.38,0,2,Low-Value
813,18095.0,23,2,21,0,580.05,0,2,Low-Value
814,13784.0,22,2,6,0,329.64,0,2,Low-Value
815,15939.0,22,2,18,0,1129.05,0,2,Low-Value
816,12437.0,20,2,18,0,597.9499999999999,0,2,Low-Value
817,17048.0,32,2,16,0,265.90999999999997,0,2,Low-Value
818,15213.0,29,2,25,0,331.65,0,2,Low-Value
819,14175.0,32,2,21,0,382.18,0,2,Low-Value
820,13929.0,32,2,3,0,452.65000000000003,0,2,Low-Value
821,16997.0,19,2,8,0,468.0,0,2,Low-Value
822,13310.0,29,2,29,0,431.4300000000001,0,2,Low-Value
823,17094.0,28,2,15,0,333.79999999999995,0,2,Low-Value
824,12970.0,32,2,8,0,23.799999999999997,0,2,Low-Value
825,17889.0,32,2,12,0,101.85000000000001,0,2,Low-Value
826,17644.0,32,2,1,0,9.95,0,2,Low-Value
827,17714.0,31,2,10,0,153.0,0,2,Low-Value
828,12916.0,31,2,40,0,847.85,0,2,Low-Value
829,17769.0,31,2,34,0,376.30999999999995,0,2,Low-Value
830,14450.0,31,2,11,0,161.03,0,2,Low-Value
831,16085.0,31,2,28,0,181.35,0,2,Low-Value
832,15167.0,31,2,41,0,162.99999999999997,0,2,Low-Value
833,14224.0,30,2,40,0,244.29999999999995,0,2,Low-Value
834,17673.0,30,2,44,0,402.42000000000013,0,2,Low-Value
835,14068.0,30,2,24,0,265.85,0,2,Low-Value
836,13068.0,30,2,1,0,165.0,0,2,Low-Value
837,14368.0,30,2,8,0,155.00000000000003,0,2,Low-Value
838,15497.0,23,2,11,0,973.1,0,2,Low-Value
839,12559.0,21,2,22,0,587.2099999999999,0,2,Low-Value
840,14501.0,30,2,4,0,66.93,0,2,Low-Value
841,14782.0,30,2,6,0,200.10000000000002,0,2,Low-Value
842,17861.0,30,2,8,0,241.86,0,2,Low-Value
843,14439.0,30,2,32,0,2661.24,0,2,Low-Value
844,18161.0,30,2,15,0,301.53000000000003,0,2,Low-Value
845,15820.0,30,2,17,0,206.98000000000002,0,2,Low-Value
846,18136.0,30,2,18,0,288.99,0,2,Low-Value
847,16660.0,30,2,4,0,282.59999999999997,0,2,Low-Value
848,12693.0,30,2,9,0,162.05,0,2,Low-Value
849,13396.0,23,2,16,0,403.62000000000006,0,2,Low-Value
850,12935.0,29,2,27,0,431.6299999999999,0,2,Low-Value
851,13551.0,29,2,4,0,91.80000000000001,0,2,Low-Value
852,12421.0,29,2,11,0,157.45000000000002,0,2,Low-Value
853,15052.0,29,2,30,0,215.78,0,2,Low-Value
854,15222.0,29,2,5,0,585.0,0,2,Low-Value
855,13615.0,23,2,24,0,435.3900000000001,0,2,Low-Value
856,13901.0,29,2,11,0,214.40000000000003,0,2,Low-Value
857,13158.0,29,2,19,0,256.40999999999997,0,2,Low-Value
858,14257.0,29,2,39,0,620.1400000000001,0,2,Low-Value
859,15218.0,29,2,28,0,581.66,0,2,Low-Value
860,15110.0,29,2,9,0,169.65,0,2,Low-Value
861,15967.0,29,2,35,0,173.79999999999998,0,2,Low-Value
862,16757.0,29,2,7,0,106.83,0,2,Low-Value
863,12854.0,29,2,36,0,406.59999999999997,0,2,Low-Value
864,18008.0,29,2,12,0,130.81,0,2,Low-Value
865,18277.0,29,2,1,0,12.75,0,2,Low-Value
866,14389.0,29,2,6,0,12.54,0,2,Low-Value
867,13703.0,29,2,1,0,99.5,0,2,Low-Value
868,15339.0,29,2,41,0,257.90000000000003,0,2,Low-Value
869,14341.0,27,2,24,0,351.53000000000003,0,2,Low-Value
870,16943.0,28,2,21,0,451.03,0,2,Low-Value
871,17515.0,28,2,31,0,231.48,0,2,Low-Value
872,17082.0,28,2,24,0,636.9400000000002,0,2,Low-Value
873,14248.0,28,2,8,0,302.58,0,2,Low-Value
874,12609.0,28,2,16,0,287.93,0,2,Low-Value
875,13002.0,28,2,7,0,120.94999999999999,0,2,Low-Value
876,13049.0,28,2,7,0,153.78000000000003,0,2,Low-Value
877,14548.0,28,2,2,0,326.4,0,2,Low-Value
878,13405.0,28,2,6,0,160.05,0,2,Low-Value
879,16043.0,28,2,17,0,307.85,0,2,Low-Value
880,15812.0,28,2,2,0,244.8,0,2,Low-Value
881,13837.0,28,2,9,0,113.7,0,2,Low-Value
882,17118.0,28,2,10,0,157.02,0,2,Low-Value
883,14616.0,28,2,1,0,237.60000000000002,0,2,Low-Value
884,14233.0,21,2,15,0,630.95,0,2,Low-Value
885,17027.0,27,2,43,0,191.54999999999987,0,2,Low-Value
886,12591.0,27,2,26,0,452.84999999999985,0,2,Low-Value
887,17786.0,27,2,28,0,114.85000000000004,0,2,Low-Value
888,16124.0,26,2,16,0,310.84999999999997,0,2,Low-Value
889,13754.0,27,2,8,0,156.00000000000003,0,2,Low-Value
890,15227.0,27,2,16,0,318.22999999999996,0,2,Low-Value
891,12997.0,25,2,18,0,323.65,0,2,Low-Value
892,15215.0,27,2,2,0,29.849999999999998,0,2,Low-Value
893,16918.0,27,2,31,0,275.78,0,2,Low-Value
894,16882.0,27,2,1,0,9.9,0,2,Low-Value
895,14442.0,22,2,32,0,706.08,0,2,Low-Value
896,16496.0,27,2,41,0,736.6999999999999,0,2,Low-Value
897,17311.0,27,2,24,0,556.46,0,2,Low-Value
898,15910.0,27,2,42,0,149.49,0,2,Low-Value
899,16949.0,27,2,5,0,74.42,0,2,Low-Value
900,14970.0,27,2,5,0,337.5,0,2,Low-Value
901,12645.0,27,2,16,0,369.30000000000007,0,2,Low-Value
902,12468.0,27,2,12,0,220.58999999999995,0,2,Low-Value
903,14738.0,26,2,11,0,204.77,0,2,Low-Value
904,17540.0,26,2,8,0,268.79999999999995,0,2,Low-Value
905,14239.0,26,2,9,0,159.60000000000002,0,2,Low-Value
906,13328.0,26,2,17,0,1308.48,0,2,Low-Value
907,15864.0,22,2,9,0,256.32,0,2,Low-Value
908,14662.0,26,2,24,0,101.05000000000004,0,2,Low-Value
909,15057.0,26,2,22,0,1131.0,0,2,Low-Value
910,12574.0,26,2,11,0,218.45000000000002,0,2,Low-Value
911,13330.0,26,2,13,0,335.82,0,2,Low-Value
912,13552.0,26,2,8,0,313.7,0,2,Low-Value
913,12853.0,22,2,23,0,443.85,0,2,Low-Value
914,13538.0,26,2,3,0,166.8,0,2,Low-Value
915,16755.0,26,2,16,0,316.06000000000006,0,2,Low-Value
916,16523.0,26,2,26,0,743.9000000000001,0,2,Low-Value
917,13141.0,21,2,32,0,527.5200000000001,0,2,Low-Value
918,15365.0,26,2,12,0,208.61,0,2,Low-Value
919,13707.0,26,2,32,0,583.41,0,2,Low-Value
920,13709.0,25,2,31,0,474.6999999999999,0,2,Low-Value
921,17329.0,25,2,16,0,243.35999999999996,0,2,Low-Value
922,14805.0,24,2,19,0,109.25,0,2,Low-Value
923,15579.0,24,2,26,0,199.6,0,2,Low-Value
924,14595.0,24,2,5,0,163.8,0,2,Low-Value
925,13161.0,23,2,8,0,112.75,0,2,Low-Value
926,17431.0,23,2,43,0,403.30000000000007,0,2,Low-Value
927,12528.0,23,2,31,0,493.53,0,2,Low-Value
928,15448.0,23,2,28,0,494.64000000000004,0,2,Low-Value
929,17314.0,22,2,26,0,566.2,0,2,Low-Value
930,17373.0,23,2,17,0,145.25,0,2,Low-Value
931,18145.0,23,2,42,0,609.0100000000001,0,2,Low-Value
932,14467.0,23,2,15,0,131.7,0,2,Low-Value
933,12908.0,23,2,2,0,708.0,0,2,Low-Value
934,15144.0,23,2,19,0,378.3199999999999,0,2,Low-Value
935,14776.0,23,2,22,0,558.3599999999999,0,2,Low-Value
936,12778.0,22,2,9,0,134.48000000000002,0,2,Low-Value
937,17256.0,22,2,12,0,127.89999999999999,0,2,Low-Value
938,17604.0,22,2,27,0,136.24,0,2,Low-Value
939,14006.0,22,2,7,0,304.44,0,2,Low-Value
940,13600.0,22,2,19,0,219.51999999999998,0,2,Low-Value
941,17147.0,22,2,18,0,409.5,0,2,Low-Value
942,13881.0,22,2,13,0,1025.3400000000001,0,2,Low-Value
943,16612.0,22,2,18,0,280.04999999999995,0,2,Low-Value
944,14627.0,22,2,5,0,21.849999999999998,0,2,Low-Value
945,17356.0,22,2,19,0,178.21999999999997,0,2,Low-Value
946,12836.0,22,2,39,0,846.69,0,2,Low-Value
947,13939.0,21,2,13,0,196.29999999999998,0,2,Low-Value
948,13606.0,22,2,3,0,70.02,0,2,Low-Value
949,13494.0,22,2,18,0,316.26,0,2,Low-Value
950,12929.0,22,2,8,0,117.85000000000001,0,2,Low-Value
951,16419.0,22,2,17,0,252.66000000000003,0,2,Low-Value
952,15203.0,22,2,20,0,211.93999999999997,0,2,Low-Value
953,16515.0,22,2,31,0,320.5099999999998,0,2,Low-Value
954,12373.0,22,2,14,0,364.6,0,2,Low-Value
955,18202.0,22,2,23,0,485.73,0,2,Low-Value
956,12775.0,20,2,13,0,249.25,0,2,Low-Value
957,15981.0,21,2,4,0,270.0,0,2,Low-Value
958,17376.0,21,2,13,0,105.85000000000001,0,2,Low-Value
959,12676.0,21,2,12,0,509.5,0,2,Low-Value
960,15940.0,21,2,2,0,39.8,0,2,Low-Value
961,15971.0,21,2,4,0,762.0,0,2,Low-Value
962,14457.0,21,2,4,0,113.64,0,2,Low-Value
963,15589.0,21,2,12,0,184.95,0,2,Low-Value
964,14411.0,21,2,14,0,1063.0,0,2,Low-Value
965,15226.0,21,2,8,0,154.41,0,2,Low-Value
966,14460.0,21,2,2,0,81.0,0,2,Low-Value
967,16156.0,21,2,18,0,303.84000000000003,0,2,Low-Value
968,13728.0,21,2,9,0,158.57999999999998,0,2,Low-Value
969,14127.0,21,2,20,0,314.63,0,2,Low-Value
970,13824.0,21,2,11,0,442.88,0,2,Low-Value
971,14188.0,20,2,12,0,398.0,0,2,Low-Value
972,18017.0,20,2,1,0,165.0,0,2,Low-Value
973,15421.0,20,2,16,0,295.06,0,2,Low-Value
974,17446.0,20,2,5,0,68.1,0,2,Low-Value
975,12414.0,20,2,7,0,153.76,0,2,Low-Value
976,14798.0,20,2,6,0,75.68,0,2,Low-Value
977,12990.0,20,2,3,0,97.5,0,2,Low-Value
978,12350.0,20,2,17,0,334.40000000000003,0,2,Low-Value
979,16992.0,20,2,2,0,12.45,0,2,Low-Value
980,17362.0,20,2,12,0,150.0,0,2,Low-Value
981,13394.0,20,2,16,0,313.76,0,2,Low-Value
982,12502.0,20,2,31,0,617.25,0,2,Low-Value
983,16030.0,20,2,29,0,331.24000000000007,0,2,Low-Value
984,13800.0,20,2,33,0,558.3199999999997,0,2,Low-Value
985,17672.0,20,2,41,0,1177.84,0,2,Low-Value
986,12464.0,20,2,6,0,213.9,0,2,Low-Value
987,13581.0,19,2,10,0,117.99999999999999,0,2,Low-Value
988,14540.0,19,2,11,0,195.9,0,2,Low-Value
989,13539.0,19,2,11,0,164.1,0,2,Low-Value
990,15885.0,19,2,1,0,15.0,0,2,Low-Value
991,13208.0,19,2,26,0,168.45,0,2,Low-Value
992,13871.0,19,2,23,0,456.0500000000001,0,2,Low-Value
993,16938.0,19,2,14,0,267.6,0,2,Low-Value
994,12754.0,19,2,37,0,45.57000000000002,0,2,Low-Value
995,17929.0,19,2,2,0,196.20000000000002,0,2,Low-Value
996,14778.0,19,2,18,0,334.05000000000007,0,2,Low-Value
997,17517.0,19,2,11,0,153.94,0,2,Low-Value
998,17226.0,19,2,21,0,393.48999999999995,0,2,Low-Value
999,13309.0,19,2,34,0,390.71,0,2,Low-Value
1000,12842.0,19,2,14,0,310.73,0,2,Low-Value
1001,16109.0,19,2,3,0,314.99999999999994,0,2,Low-Value
1002,17291.0,19,2,1,0,550.8000000000001,0,2,Low-Value
1003,15090.0,18,2,23,0,381.32000000000005,0,2,Low-Value
1004,15199.0,18,2,3,0,353.09999999999997,0,2,Low-Value
1005,14194.0,18,2,30,0,516.95,0,2,Low-Value
1006,13584.0,17,2,24,0,142.40000000000003,0,2,Low-Value
1007,17105.0,16,2,38,0,319.4,0,2,Low-Value
1008,14438.0,16,2,9,0,131.9,0,2,Low-Value
1009,12956.0,16,2,19,0,108.07,0,2,Low-Value
1010,15781.0,16,2,5,0,83.35,0,2,Low-Value
1011,14410.0,16,2,8,0,137.65000000000003,0,2,Low-Value
1012,14600.0,16,2,25,0,393.3299999999999,0,2,Low-Value
1013,17302.0,16,2,11,0,182.85000000000002,0,2,Low-Value
1014,17613.0,16,2,41,0,586.8000000000001,0,2,Low-Value
1015,13955.0,16,2,11,0,205.10000000000002,0,2,Low-Value
1016,17162.0,16,2,29,0,424.4100000000001,0,2,Low-Value
1017,17774.0,16,2,26,0,219.99000000000004,0,2,Low-Value
1018,13809.0,16,2,12,0,155.05,0,2,Low-Value
1019,15407.0,16,2,11,0,165.0,0,2,Low-Value
1020,15577.0,16,2,4,0,29.65,0,2,Low-Value
1021,13748.0,84,0,1,0,204.0,0,0,Low-Value
1022,18074.0,84,0,13,0,489.6,0,0,Low-Value
1023,17420.0,84,0,7,0,130.85,0,0,Low-Value
1024,16250.0,84,0,14,0,226.14,0,0,Low-Value
1025,17548.0,84,0,7,0,141.48000000000002,0,0,Low-Value
1026,13705.0,84,0,10,0,318.14000000000004,0,0,Low-Value
1027,13747.0,84,0,1,0,79.6,0,0,Low-Value
1028,13448.0,71,0,36,0,870.5400000000001,0,0,Low-Value
1029,12791.0,84,0,2,0,192.60000000000002,0,0,Low-Value
1030,16218.0,84,0,28,0,471.29999999999995,0,0,Low-Value
1031,13255.0,84,0,6,0,225.7,0,0,Low-Value
1032,16583.0,84,0,14,0,233.45000000000002,0,0,Low-Value
1033,16552.0,84,0,5,0,95.29,0,0,Low-Value
1034,17181.0,84,0,2,0,155.52,0,0,Low-Value
1035,17951.0,64,0,10,0,427.20000000000005,0,0,Low-Value
1036,17572.0,84,0,4,0,70.80000000000001,0,0,Low-Value
1037,14078.0,84,0,13,0,136.24,0,0,Low-Value
1038,14001.0,84,0,9,0,301.24,0,0,Low-Value
1039,14237.0,84,0,9,0,161.00000000000003,0,0,Low-Value
1040,17905.0,62,0,28,0,394.15,0,0,Low-Value
1041,15350.0,84,0,5,0,115.65,0,0,Low-Value
1042,15922.0,83,0,12,0,375.40000000000003,0,0,Low-Value
1043,14594.0,83,0,31,0,254.99999999999997,0,0,Low-Value
1044,15165.0,83,0,27,0,487.75,0,0,Low-Value
1045,17643.0,83,0,8,0,101.55000000000001,0,0,Low-Value
1046,17873.0,83,0,9,0,215.14999999999998,0,0,Low-Value
1047,17760.0,83,0,9,0,172.54,0,0,Low-Value
1048,16048.0,83,0,8,0,256.44000000000005,0,0,Low-Value
1049,16539.0,68,0,30,0,747.25,0,0,Low-Value
1050,17025.0,83,0,5,0,160.97,0,0,Low-Value
1051,14142.0,83,0,22,0,311.81000000000006,0,0,Low-Value
1052,17069.0,62,0,30,0,596.7000000000002,0,0,Low-Value
1053,13065.0,83,0,14,0,205.85999999999999,0,0,Low-Value
1054,16835.0,83,0,5,0,81.75,0,0,Low-Value
1055,18011.0,83,0,28,0,102.79,0,0,Low-Value
1056,14741.0,72,0,19,0,495.29999999999995,0,0,Low-Value
1057,17732.0,83,0,18,0,303.97,0,0,Low-Value
1058,12855.0,83,0,3,0,38.1,0,0,Low-Value
1059,15752.0,83,0,14,0,259.65,0,0,Low-Value
1060,17855.0,83,0,17,0,208.96999999999997,0,0,Low-Value
1061,17925.0,83,0,1,0,244.08,0,0,Low-Value
1062,13108.0,83,0,10,0,350.05999999999995,0,0,Low-Value
1063,14766.0,75,0,8,0,230.7,0,0,Low-Value
1064,14388.0,76,0,23,0,326.24999999999994,0,0,Low-Value
1065,14901.0,71,0,40,0,503.35,0,0,Low-Value
1066,15955.0,83,0,20,0,572.38,0,0,Low-Value
1067,15070.0,83,0,1,0,106.2,0,0,Low-Value
1068,15111.0,83,0,16,0,288.49999999999994,0,0,Low-Value
1069,14390.0,83,0,28,0,229.64999999999998,0,0,Low-Value
1070,15260.0,83,0,17,0,420.5,0,0,Low-Value
1071,14491.0,83,0,4,0,127.2,0,0,Low-Value
1072,15923.0,83,0,21,0,127.08000000000003,0,0,Low-Value
1073,16752.0,83,0,9,0,207.5,0,0,Low-Value
1074,17287.0,78,0,22,0,222.7,0,0,Low-Value
1075,15363.0,83,0,16,0,326.0,0,0,Low-Value
1076,12915.0,83,0,13,0,199.64999999999998,0,0,Low-Value
1077,17964.0,83,0,35,0,261.76000000000005,0,0,Low-Value
1078,17235.0,82,0,10,0,341.9,0,0,Low-Value
1079,16510.0,82,0,13,0,248.10000000000002,0,0,Low-Value
1080,17802.0,82,0,12,0,100.19999999999999,0,0,Low-Value
1081,16781.0,75,0,19,0,327.8499999999999,0,0,Low-Value
1082,17547.0,82,0,2,0,11.8,0,0,Low-Value
1083,16186.0,82,0,20,0,307.68000000000006,0,0,Low-Value
1084,15732.0,82,0,5,0,138.1,0,0,Low-Value
1085,13138.0,82,0,14,0,193.23000000000002,0,0,Low-Value
1086,14829.0,69,0,29,0,438.23,0,0,Low-Value
1087,14775.0,82,0,20,0,406.55999999999995,0,0,Low-Value
1088,15834.0,82,0,2,0,23.849999999999998,0,0,Low-Value
1089,15646.0,82,0,17,0,189.79999999999998,0,0,Low-Value
1090,13958.0,82,0,5,0,102.45,0,0,Low-Value
1091,16995.0,82,0,1,0,1.25,0,0,Low-Value
1092,13402.0,82,0,17,0,308.28,0,0,Low-Value
1093,14625.0,71,0,36,0,623.18,0,0,Low-Value
1094,13011.0,82,0,3,0,50.550000000000004,0,0,Low-Value
1095,15384.0,70,0,22,0,310.21999999999997,0,0,Low-Value
1096,14264.0,82,0,2,0,14.5,0,0,Low-Value
1097,13295.0,70,0,11,0,204.45,0,0,Low-Value
1098,16754.0,82,0,2,0,2002.4,0,0,Low-Value
1099,16634.0,82,0,8,0,164.8,0,0,Low-Value
1100,14576.0,82,0,1,0,35.400000000000006,0,0,Low-Value
1101,13145.0,82,0,1,0,295.0,0,0,Low-Value
1102,14865.0,82,0,3,0,37.2,0,0,Low-Value
1103,12738.0,82,0,11,0,155.35,0,0,Low-Value
1104,17552.0,82,0,13,0,298.52,0,0,Low-Value
1105,14236.0,82,0,3,0,189.3,0,0,Low-Value
1106,17396.0,82,0,3,0,397.5,0,0,Low-Value
1107,14213.0,82,0,5,0,1192.2000000000003,0,0,Low-Value
1108,12686.0,82,0,7,0,89.14,0,0,Low-Value
1109,14679.0,82,0,1,0,2.55,0,0,Low-Value
1110,13370.0,76,0,44,0,788.4200000000004,0,0,Low-Value
1111,16883.0,82,0,17,0,128.03,0,0,Low-Value
1112,16905.0,82,0,10,0,254.4,0,0,Low-Value
1113,12427.0,62,0,13,0,360.45000000000005,0,0,Low-Value
1114,14589.0,82,0,3,0,39.75,0,0,Low-Value
1115,16926.0,81,0,14,0,230.25000000000003,0,0,Low-Value
1116,16140.0,81,0,7,0,124.14,0,0,Low-Value
1117,14396.0,81,0,34,0,110.35000000000001,0,0,Low-Value
1118,12725.0,81,0,24,0,427.79999999999995,0,0,Low-Value
1119,16455.0,71,0,30,0,531.9799999999999,0,0,Low-Value
1120,15545.0,81,0,31,0,135.32999999999998,0,0,Low-Value
1121,15038.0,80,0,35,0,126.43,0,0,Low-Value
1122,13269.0,71,0,28,0,662.17,0,0,Low-Value
1123,14813.0,80,0,30,0,155.42999999999998,0,0,Low-Value
1124,15332.0,76,0,35,0,1661.06,0,0,Low-Value
1125,13831.0,80,0,2,0,408.0,0,0,Low-Value
1126,15716.0,80,0,38,0,547.1,0,0,Low-Value
1127,15221.0,77,0,11,0,692.4,0,0,Low-Value
1128,17026.0,80,0,3,0,33.15,0,0,Low-Value
1129,14161.0,80,0,26,0,283.15,0,0,Low-Value
1130,16411.0,80,0,21,0,131.5,0,0,Low-Value
1131,15894.0,79,0,38,0,156.73999999999995,0,0,Low-Value
1132,13034.0,79,0,11,0,165.86000000000004,0,0,Low-Value
1133,15502.0,78,0,40,0,1314.7999999999993,0,0,Low-Value
1134,12763.0,79,0,16,0,320.08,0,0,Low-Value
1135,13579.0,79,0,9,0,164.7,0,0,Low-Value
1136,15987.0,79,0,9,0,113.48,0,0,Low-Value
1137,13652.0,79,0,18,0,308.79999999999995,0,0,Low-Value
1138,12586.0,79,0,1,0,17.0,0,0,Low-Value
1139,16858.0,76,0,13,0,405.49,0,0,Low-Value
1140,17674.0,79,0,11,0,300.66,0,0,Low-Value
1141,12808.0,79,0,7,0,129.4,0,0,Low-Value
1142,15899.0,79,0,4,0,56.25,0,0,Low-Value
1143,17691.0,68,0,19,0,290.40000000000003,0,0,Low-Value
1144,17227.0,79,0,10,0,142.25,0,0,Low-Value
1145,13497.0,79,0,10,0,180.5,0,0,Low-Value
1146,15860.0,79,0,15,0,102.66000000000001,0,0,Low-Value
1147,15304.0,79,0,5,0,123.15,0,0,Low-Value
1148,14344.0,68,0,14,0,355.65,0,0,Low-Value
1149,15048.0,79,0,23,0,98.70000000000003,0,0,Low-Value
1150,15301.0,79,0,34,0,673.3700000000001,0,0,Low-Value
1151,14708.0,71,0,13,0,448.76,0,0,Low-Value
1152,16898.0,75,0,33,0,180.43,0,0,Low-Value
1153,18113.0,79,0,1,0,76.32000000000001,0,0,Low-Value
1154,15028.0,79,0,14,0,185.97,0,0,Low-Value
1155,14487.0,79,0,14,0,137.85,0,0,Low-Value
1156,16722.0,71,0,42,0,800.9700000000003,0,0,Low-Value
1157,15882.0,79,0,17,0,392.31999999999994,0,0,Low-Value
1158,17682.0,79,0,18,0,391.5,0,0,Low-Value
1159,16658.0,78,0,8,0,123.24,0,0,Low-Value
1160,16817.0,70,0,19,0,409.79999999999995,0,0,Low-Value
1161,16654.0,78,0,9,0,227.40000000000003,0,0,Low-Value
1162,16861.0,78,0,2,0,22.110000000000003,0,0,Low-Value
1163,16138.0,78,0,1,0,7.95,0,0,Low-Value
1164,13481.0,78,0,1,0,4.25,0,0,Low-Value
1165,13495.0,70,0,26,0,920.1800000000002,0,0,Low-Value
1166,17519.0,71,0,19,0,340.24999999999994,0,0,Low-Value
1167,17812.0,78,0,33,0,217.55000000000004,0,0,Low-Value
1168,17320.0,78,0,22,0,450.91999999999996,0,0,Low-Value
1169,17869.0,78,0,16,0,214.32,0,0,Low-Value
1170,17470.0,78,0,11,0,178.40000000000003,0,0,Low-Value
1171,17616.0,78,0,1,0,326.4,0,0,Low-Value
1172,17720.0,78,0,1,0,102.0,0,0,Low-Value
1173,15018.0,78,0,5,0,111.25,0,0,Low-Value
1174,13756.0,69,0,16,0,1004.4000000000001,0,0,Low-Value
1175,15353.0,78,0,12,0,311.65000000000003,0,0,Low-Value
1176,18119.0,78,0,30,0,181.11999999999998,0,0,Low-Value
1177,14282.0,78,0,13,0,571.0,0,0,Low-Value
1178,13569.0,78,0,24,0,118.32000000000001,0,0,Low-Value
1179,14673.0,78,0,15,0,373.49,0,0,Low-Value
1180,16221.0,78,0,12,0,166.74,0,0,Low-Value
1181,15965.0,78,0,16,0,156.19000000000003,0,0,Low-Value
1182,16086.0,77,0,8,0,177.26,0,0,Low-Value
1183,13786.0,77,0,7,0,230.4,0,0,Low-Value
1184,13173.0,77,0,23,0,165.94000000000003,0,0,Low-Value
1185,15180.0,77,0,6,0,87.5,0,0,Low-Value
1186,16293.0,77,0,16,0,378.75,0,0,Low-Value
1187,16950.0,77,0,3,0,172.0,0,0,Low-Value
1188,12839.0,67,0,37,0,737.45,0,0,Low-Value
1189,13807.0,77,0,7,0,112.6,0,0,Low-Value
1190,16125.0,77,0,13,0,289.35,0,0,Low-Value
1191,15081.0,77,0,8,0,111.14999999999999,0,0,Low-Value
1192,16365.0,69,0,7,0,368.46000000000004,0,0,Low-Value
1193,17870.0,77,0,1,0,326.4,0,0,Low-Value
1194,14821.0,77,0,2,0,48.800000000000004,0,0,Low-Value
1195,16863.0,71,0,10,0,165.7,0,0,Low-Value
1196,15628.0,77,0,19,0,319.18,0,0,Low-Value
1197,13329.0,64,0,9,0,352.79999999999995,0,0,Low-Value
1198,15750.0,75,0,21,0,354.77000000000004,0,0,Low-Value
1199,12441.0,77,0,11,0,173.55,0,0,Low-Value
1200,14032.0,62,0,32,0,628.5699999999999,0,0,Low-Value
1201,16081.0,77,0,22,0,157.60000000000002,0,0,Low-Value
1202,16385.0,77,0,21,0,148.23000000000002,0,0,Low-Value
1203,15032.0,77,0,30,0,2770.599999999999,0,0,Low-Value
1204,17262.0,77,0,2,0,268.86,0,0,Low-Value
1205,18259.0,76,0,7,0,376.30000000000007,0,0,Low-Value
1206,17676.0,76,0,15,0,300.7,0,0,Low-Value
1207,16679.0,76,0,3,0,129.75,0,0,Low-Value
1208,18269.0,68,0,8,0,198.3,0,0,Low-Value
1209,18193.0,76,0,1,0,20.85,0,0,Low-Value
1210,13523.0,76,0,30,0,566.9499999999999,0,0,Low-Value
1211,12870.0,76,0,2,0,14.899999999999999,0,0,Low-Value
1212,15680.0,76,0,30,0,478.88999999999993,0,0,Low-Value
1213,13649.0,76,0,15,0,197.8,0,0,Low-Value
1214,13270.0,76,0,1,0,590.0,0,0,Low-Value
1215,14866.0,76,0,1,0,103.67999999999999,0,0,Low-Value
1216,13531.0,76,0,15,0,305.45000000000005,0,0,Low-Value
1217,13140.0,76,0,16,0,159.51000000000002,0,0,Low-Value
1218,15713.0,71,0,10,0,181.1,0,0,Low-Value
1219,17999.0,76,0,38,0,190.34,0,0,Low-Value
1220,15347.0,76,0,5,0,201.59999999999997,0,0,Low-Value
1221,15996.0,76,0,32,0,263.24999999999994,0,0,Low-Value
1222,16252.0,76,0,21,0,295.09000000000003,0,0,Low-Value
1223,16596.0,76,0,6,0,120.65,0,0,Low-Value
1224,14437.0,76,0,5,0,63.0,0,0,Low-Value
1225,12942.0,76,0,16,0,258.75,0,0,Low-Value
1226,15660.0,76,0,10,0,209.3,0,0,Low-Value
1227,18071.0,76,0,14,0,258.95000000000005,0,0,Low-Value
1228,12755.0,76,0,1,0,3794.3999999999996,0,0,Low-Value
1229,12797.0,70,0,17,0,313.88,0,0,Low-Value
1230,13369.0,64,0,19,0,352.81,0,0,Low-Value
1231,17411.0,76,0,2,0,30.0,0,0,Low-Value
1232,14932.0,76,0,17,0,363.53,0,0,Low-Value
1233,12429.0,76,0,20,0,1281.5000000000002,0,0,Low-Value
1234,14987.0,76,0,2,0,163.2,0,0,Low-Value
1235,14355.0,76,0,11,0,174.4,0,0,Low-Value
1236,14896.0,76,0,32,0,257.21999999999997,0,0,Low-Value
1237,13240.0,76,0,21,0,224.07,0,0,Low-Value
1238,14479.0,76,0,10,0,174.4,0,0,Low-Value
1239,17430.0,76,0,5,0,112.6,0,0,Low-Value
1240,15945.0,76,0,2,0,181.0,0,0,Low-Value
1241,15181.0,71,0,2,0,9.2,0,0,Low-Value
1242,14205.0,75,0,14,0,238.20000000000002,0,0,Low-Value
1243,17702.0,75,0,5,0,88.14999999999999,0,0,Low-Value
1244,15288.0,75,0,26,0,165.65000000000003,0,0,Low-Value
1245,17978.0,75,0,12,0,300.91999999999996,0,0,Low-Value
1246,16519.0,75,0,5,0,103.7,0,0,Low-Value
1247,17816.0,75,0,10,0,16.209999999999997,0,0,Low-Value
1248,17671.0,75,0,17,0,394.18000000000006,0,0,Low-Value
1249,17646.0,75,0,9,0,251.00000000000003,0,0,Low-Value
1250,12649.0,75,0,2,0,19.799999999999997,0,0,Low-Value
1251,17339.0,75,0,4,0,60.0,0,0,Low-Value
1252,16499.0,70,0,22,0,411.8,0,0,Low-Value
1253,15192.0,75,0,15,0,315.0,0,0,Low-Value
1254,15279.0,65,0,21,0,303.61,0,0,Low-Value
1255,16579.0,75,0,1,0,30.599999999999998,0,0,Low-Value
1256,15380.0,75,0,1,0,230.10000000000002,0,0,Low-Value
1257,17950.0,75,0,40,0,273.25,0,0,Low-Value
1258,17456.0,75,0,17,0,249.85999999999999,0,0,Low-Value
1259,17307.0,75,0,1,0,152.64000000000001,0,0,Low-Value
1260,17700.0,75,0,3,0,9.85,0,0,Low-Value
1261,13136.0,75,0,3,0,20.1,0,0,Low-Value
1262,12605.0,75,0,3,0,7.5,0,0,Low-Value
1263,15329.0,75,0,3,0,17.7,0,0,Low-Value
1264,15211.0,75,0,23,0,383.0700000000001,0,0,Low-Value
1265,16163.0,75,0,5,0,441.6,0,0,Low-Value
1266,15805.0,75,0,11,0,370.80000000000007,0,0,Low-Value
1267,17076.0,75,0,7,0,151.5,0,0,Low-Value
1268,17880.0,75,0,26,0,458.91999999999985,0,0,Low-Value
1269,13000.0,75,0,11,0,201.75000000000003,0,0,Low-Value
1270,14419.0,75,0,21,0,124.1,0,0,Low-Value
1271,14082.0,75,0,29,0,182.24999999999997,0,0,Low-Value
1272,15723.0,75,0,41,0,203.1,0,0,Low-Value
1273,14037.0,75,0,26,0,111.80000000000003,0,0,Low-Value
1274,14256.0,75,0,32,0,523.8599999999999,0,0,Low-Value
1275,16062.0,75,0,7,0,247.55999999999997,0,0,Low-Value
1276,18065.0,68,0,22,0,357.7699999999999,0,0,Low-Value
1277,12785.0,74,0,14,0,311.95,0,0,Low-Value
1278,13787.0,74,0,7,0,106.4,0,0,Low-Value
1279,16565.0,74,0,3,0,173.7,0,0,Low-Value
1280,14448.0,74,0,18,0,102.35000000000001,0,0,Low-Value
1281,17251.0,73,0,39,0,283.28,0,0,Low-Value
1282,15224.0,68,0,16,0,333.67999999999995,0,0,Low-Value
1283,14577.0,73,0,38,0,346.90000000000003,0,0,Low-Value
1284,16367.0,73,0,37,0,170.91000000000003,0,0,Low-Value
1285,12875.0,73,0,1,0,293.76000000000005,0,0,Low-Value
1286,17917.0,73,0,29,0,110.91000000000001,0,0,Low-Value
1287,16010.0,73,0,24,0,110.1,0,0,Low-Value
1288,14684.0,73,0,44,0,168.36,0,0,Low-Value
1289,14413.0,73,0,23,0,122.7,0,0,Low-Value
1290,18004.0,72,0,40,0,169.46999999999997,0,0,Low-Value
1291,13959.0,72,0,16,0,214.74,0,0,Low-Value
1292,16665.0,72,0,9,0,135.4,0,0,Low-Value
1293,15454.0,72,0,25,0,179.10000000000002,0,0,Low-Value
1294,14608.0,72,0,1,0,204.0,0,0,Low-Value
1295,15361.0,72,0,7,0,418.9200000000001,0,0,Low-Value
1296,15689.0,72,0,6,0,103.5,0,0,Low-Value
1297,14498.0,72,0,14,0,166.21999999999997,0,0,Low-Value
1298,16927.0,72,0,2,0,218.1,0,0,Low-Value
1299,17990.0,64,0,12,0,316.00000000000006,0,0,Low-Value
1300,17179.0,71,0,20,0,243.0,0,0,Low-Value
1301,17524.0,71,0,6,0,145.0,0,0,Low-Value
1302,17371.0,71,0,8,0,97.63,0,0,Low-Value
1303,17969.0,71,0,7,0,125.2,0,0,Low-Value
1304,13211.0,71,0,2,0,110.7,0,0,Low-Value
1305,13948.0,71,0,3,0,101.99999999999999,0,0,Low-Value
1306,14206.0,71,0,1,0,19.9,0,0,Low-Value
1307,16202.0,71,0,18,0,365.27000000000004,0,0,Low-Value
1308,15468.0,71,0,1,0,1.25,0,0,Low-Value
1309,14524.0,71,0,26,0,275.44999999999993,0,0,Low-Value
1310,18141.0,71,0,1,0,35.400000000000006,0,0,Low-Value
1311,12434.0,71,0,3,0,27.749999999999996,0,0,Low-Value
1312,16810.0,71,0,1,0,33.9,0,0,Low-Value
1313,17041.0,71,0,18,0,320.3,0,0,Low-Value
1314,16083.0,71,0,17,0,337.98,0,0,Low-Value
1315,16262.0,71,0,3,0,31.65,0,0,Low-Value
1316,17194.0,71,0,28,0,252.62,0,0,Low-Value
1317,14871.0,71,0,25,0,140.4,0,0,Low-Value
1318,18044.0,71,0,6,0,74.25,0,0,Low-Value
1319,16812.0,71,0,15,0,479.3500000000001,0,0,Low-Value
1320,17158.0,71,0,25,0,413.7899999999999,0,0,Low-Value
1321,16899.0,71,0,16,0,170.54999999999998,0,0,Low-Value
1322,13238.0,70,0,5,0,91.15,0,0,Low-Value
1323,15392.0,68,0,20,0,358.7799999999999,0,0,Low-Value
1324,13846.0,70,0,28,0,411.40000000000015,0,0,Low-Value
1325,14150.0,70,0,12,0,306.18,0,0,Low-Value
1326,13496.0,68,0,27,0,536.4100000000001,0,0,Low-Value
1327,13611.0,70,0,15,0,303.15000000000003,0,0,Low-Value
1328,16954.0,70,0,12,0,346.8,0,0,Low-Value
1329,12865.0,70,0,1,0,20.16,0,0,Low-Value
1330,15950.0,70,0,29,0,428.82,0,0,Low-Value
1331,15512.0,70,0,6,0,101.2,0,0,Low-Value
1332,17525.0,70,0,9,0,422.70000000000005,0,0,Low-Value
1333,16003.0,70,0,20,0,1181.0000000000002,0,0,Low-Value
1334,13092.0,70,0,7,0,185.45,0,0,Low-Value
1335,17033.0,70,0,8,0,307.8,0,0,Low-Value
1336,13221.0,70,0,35,0,498.1600000000001,0,0,Low-Value
1337,14201.0,70,0,4,0,67.24000000000001,0,0,Low-Value
1338,15822.0,69,0,16,0,440.20000000000005,0,0,Low-Value
1339,16134.0,64,0,19,0,297.93,0,0,Low-Value
1340,17551.0,69,0,43,0,306.84,0,0,Low-Value
1341,18050.0,69,0,5,0,74.4,0,0,Low-Value
1342,14913.0,69,0,17,0,300.87,0,0,Low-Value
1343,12666.0,69,0,2,0,227.44,0,0,Low-Value
1344,15641.0,69,0,20,0,308.36999999999995,0,0,Low-Value
1345,15456.0,69,0,26,0,243.22000000000003,0,0,Low-Value
1346,15062.0,69,0,11,0,209.08,0,0,Low-Value
1347,12928.0,69,0,17,0,392.34,0,0,Low-Value
1348,17980.0,69,0,15,0,295.2,0,0,Low-Value
1349,17752.0,69,0,1,0,80.64,0,0,Low-Value
1350,17044.0,69,0,3,0,35.1,0,0,Low-Value
1351,13829.0,69,0,1,0,102.0,0,0,Low-Value
1352,17633.0,69,0,1,0,67.5,0,0,Low-Value
1353,13266.0,69,0,1,0,45.0,0,0,Low-Value
1354,17820.0,69,0,3,0,16.95,0,0,Low-Value
1355,15664.0,69,0,2,0,27.799999999999997,0,0,Low-Value
1356,17189.0,69,0,38,0,227.21999999999994,0,0,Low-Value
1357,17496.0,69,0,10,0,271.04999999999995,0,0,Low-Value
1358,13317.0,69,0,14,0,238.04999999999998,0,0,Low-Value
1359,15246.0,69,0,12,0,186.00000000000003,0,0,Low-Value
1360,16996.0,63,0,6,0,136.39000000000001,0,0,Low-Value
1361,15482.0,69,0,8,0,723.64,0,0,Low-Value
1362,14841.0,69,0,19,0,395.15999999999997,0,0,Low-Value
1363,16470.0,69,0,40,0,221.28999999999996,0,0,Low-Value
1364,14414.0,69,0,8,0,217.2,0,0,Low-Value
1365,15563.0,69,0,22,0,270.19000000000005,0,0,Low-Value
1366,16743.0,69,0,30,0,430.2799999999999,0,0,Low-Value
1367,17146.0,69,0,16,0,298.25,0,0,Low-Value
1368,15394.0,69,0,24,0,587.6599999999999,0,0,Low-Value
1369,14621.0,69,0,16,0,305.7,0,0,Low-Value
1370,15620.0,68,0,31,0,424.48999999999984,0,0,Low-Value
1371,15789.0,68,0,25,0,351.3,0,0,Low-Value
1372,16560.0,68,0,21,0,332.1799999999999,0,0,Low-Value
1373,14777.0,68,0,2,0,14.5,0,0,Low-Value
1374,14373.0,68,0,4,0,76.55,0,0,Low-Value
1375,18176.0,64,0,33,0,504.04999999999995,0,0,Low-Value
1376,15366.0,68,0,8,0,105.54,0,0,Low-Value
1377,16271.0,68,0,16,0,133.22,0,0,Low-Value
1378,14643.0,64,0,18,0,383.14,0,0,Low-Value
1379,14220.0,68,0,11,0,312.98,0,0,Low-Value
1380,13874.0,68,0,18,0,540.45,0,0,Low-Value
1381,13627.0,68,0,20,0,311.19000000000005,0,0,Low-Value
1382,12551.0,68,0,10,0,168.0,0,0,Low-Value
1383,15780.0,68,0,12,0,177.15,0,0,Low-Value
1384,15204.0,67,0,9,0,316.58000000000004,0,0,Low-Value
1385,17007.0,63,0,13,0,219.62000000000003,0,0,Low-Value
1386,15160.0,67,0,4,0,158.16000000000003,0,0,Low-Value
1387,14016.0,67,0,39,0,753.74,0,0,Low-Value
1388,13033.0,67,0,11,0,190.54999999999998,0,0,Low-Value
1389,12705.0,67,0,30,0,858.0,0,0,Low-Value
1390,16885.0,67,0,30,0,190.64999999999995,0,0,Low-Value
1391,17913.0,66,0,31,0,218.05,0,0,Low-Value
1392,17343.0,65,0,17,0,193.63999999999996,0,0,Low-Value
1393,18256.0,65,0,4,0,50.1,0,0,Low-Value
1394,16153.0,65,0,10,0,215.01000000000005,0,0,Low-Value
1395,12944.0,65,0,14,0,286.95,0,0,Low-Value
1396,15312.0,65,0,17,0,293.49,0,0,Low-Value
1397,13104.0,65,0,1,0,101.76,0,0,Low-Value
1398,17204.0,65,0,3,0,67.7,0,0,Low-Value
1399,13027.0,65,0,6,0,1440.0,0,0,Low-Value
1400,17090.0,64,0,2,0,61.199999999999996,0,0,Low-Value
1401,14119.0,64,0,1,0,19.9,0,0,Low-Value
1402,12678.0,63,0,5,0,221.27999999999997,0,0,Low-Value
1403,15208.0,64,0,3,0,65.4,0,0,Low-Value
1404,14737.0,63,0,8,0,434.0,0,0,Low-Value
1405,13029.0,63,0,1,0,382.5,0,0,Low-Value
1406,13487.0,63,0,11,0,193.15000000000003,0,0,Low-Value
1407,12515.0,63,0,16,0,383.7,0,0,Low-Value
1408,17400.0,63,0,37,0,424.16999999999996,0,0,Low-Value
1409,17593.0,63,0,26,0,662.8999999999999,0,0,Low-Value
1410,13953.0,63,0,1,0,500.0,0,0,Low-Value
1411,14533.0,63,0,10,0,433.5,0,0,Low-Value
1412,12734.0,63,0,4,0,110.39999999999999,0,0,Low-Value
1413,15562.0,62,0,1,0,134.55,0,0,Low-Value
1414,15587.0,62,0,3,0,344.88,0,0,Low-Value
1415,13922.0,62,0,7,0,172.24999999999997,0,0,Low-Value
1416,13817.0,62,0,9,0,128.7,0,0,Low-Value
1417,13165.0,61,0,13,0,354.64,0,0,Low-Value
1418,13304.0,61,0,21,0,300.4199999999999,0,0,Low-Value
1419,15100.0,40,1,6,0,1116.8999999999999,0,1,Low-Value
1420,14045.0,48,1,5,0,1251.75,0,1,Low-Value
1421,18085.0,40,1,29,0,689.95,0,1,Low-Value
1422,13758.0,45,1,33,0,1141.25,0,1,Low-Value
1423,15485.0,46,1,43,0,1278.6299999999999,0,1,Low-Value
1424,16955.0,46,1,16,0,379.9800000000001,0,1,Low-Value
1425,14696.0,36,1,35,0,589.5,0,1,Low-Value
1426,13090.0,33,1,13,0,1485.19,0,1,Low-Value
1427,14047.0,47,1,15,0,314.82000000000005,0,1,Low-Value
1428,16042.0,43,1,6,0,74.85000000000001,0,1,Low-Value
1429,15823.0,48,1,17,0,870.7600000000001,0,1,Low-Value
1430,16203.0,43,1,12,0,174.45,0,1,Low-Value
1431,15093.0,49,1,39,0,2023.2799999999997,0,1,Low-Value
1432,16150.0,47,1,26,0,453.47,0,1,Low-Value
1433,13520.0,35,1,31,0,988.5199999999999,0,1,Low-Value
1434,12557.0,43,1,9,0,4037.1200000000003,0,1,Low-Value
1435,12793.0,45,1,24,0,545.48,0,1,Low-Value
1436,17402.0,39,1,27,0,571.87,0,1,Low-Value
1437,15953.0,42,1,27,0,431.0899999999999,0,1,Low-Value
1438,12747.0,33,1,20,0,1009.3099999999998,0,1,Low-Value
1439,14748.0,42,1,35,0,574.38,0,1,Low-Value
1440,12708.0,40,1,33,0,481.05999999999995,0,1,Low-Value
1441,14867.0,46,1,16,0,309.69,0,1,Low-Value
1442,15984.0,49,1,17,0,230.58999999999997,0,1,Low-Value
1443,15649.0,47,1,2,0,816.0,0,1,Low-Value
1444,17491.0,36,1,13,0,632.9200000000001,0,1,Low-Value
1445,14739.0,49,1,18,0,943.44,0,1,Low-Value
1446,12386.0,48,1,10,0,401.90000000000003,0,1,Low-Value
1447,16122.0,43,1,19,0,249.84,0,1,Low-Value
1448,13126.0,43,1,32,0,570.71,0,1,Low-Value
1449,15973.0,49,1,5,0,504.91999999999996,0,1,Low-Value
1450,17324.0,42,1,17,0,702.23,0,1,Low-Value
1451,16233.0,40,1,12,0,441.04999999999984,0,1,Low-Value
1452,13455.0,39,1,36,0,734.98,0,1,Low-Value
1453,15298.0,35,1,39,0,873.0799999999998,0,1,Low-Value
1454,14618.0,48,1,6,0,226.64999999999998,0,1,Low-Value
1455,13984.0,35,1,9,0,284.75,0,1,Low-Value
1456,18092.0,40,1,21,0,3111.8399999999997,0,1,Low-Value
1457,15271.0,48,1,40,0,364.8499999999999,0,1,Low-Value
1458,16350.0,44,1,25,0,392.6999999999999,0,1,Low-Value
1459,15535.0,38,1,41,0,369.0399999999999,0,1,Low-Value
1460,13969.0,33,1,44,0,662.8299999999999,0,1,Low-Value
1461,17696.0,47,1,8,0,180.55,0,1,Low-Value
1462,14062.0,33,1,44,0,3096.3899999999994,0,1,Low-Value
1463,13225.0,48,1,12,0,2470.4400000000005,0,1,Low-Value
1464,13209.0,36,1,21,0,444.20000000000005,0,1,Low-Value
1465,13999.0,33,1,32,0,609.7000000000002,0,1,Low-Value
1466,14525.0,37,1,27,0,726.9499999999999,0,1,Low-Value
1467,13008.0,33,1,15,0,280.47,0,1,Low-Value
1468,17739.0,43,1,12,0,682.5900000000001,0,1,Low-Value
1469,12829.0,33,1,12,0,332.95,0,1,Low-Value
1470,16145.0,43,1,38,0,682.1399999999999,0,1,Low-Value
1471,17629.0,43,1,12,0,268.65,0,1,Low-Value
1472,13426.0,47,1,32,0,639.4299999999995,0,1,Low-Value
1473,15101.0,47,1,5,0,109.78,0,1,Low-Value
1474,12877.0,40,1,17,0,250.26,0,1,Low-Value
1475,16316.0,49,1,21,0,338.82000000000005,0,1,Low-Value
1476,15197.0,42,1,4,0,975.9000000000001,0,1,Low-Value
1477,18097.0,50,1,16,0,657.18,0,1,Low-Value
1478,13313.0,50,1,17,0,307.30000000000007,0,1,Low-Value
1479,16282.0,50,1,11,0,168.3,0,1,Low-Value
1480,12957.0,47,1,31,0,420.33000000000004,0,1,Low-Value
1481,12483.0,49,1,14,0,587.56,0,1,Low-Value
1482,15164.0,49,1,16,0,173.38999999999996,0,1,Low-Value
1483,14732.0,49,1,10,0,203.09999999999997,0,1,Low-Value
1484,14221.0,49,1,18,0,312.95,0,1,Low-Value
1485,14553.0,49,1,23,0,201.93999999999997,0,1,Low-Value
1486,13253.0,49,1,16,0,476.48,0,1,Low-Value
1487,15841.0,49,1,7,0,331.6,0,1,Low-Value
1488,16112.0,43,1,10,0,136.14000000000001,0,1,Low-Value
1489,16600.0,49,1,9,0,125.86,0,1,Low-Value
1490,16532.0,49,1,1,0,1910.4,0,1,Low-Value
1491,15266.0,48,1,6,0,119.30000000000001,0,1,Low-Value
1492,14653.0,48,1,29,0,344.80999999999995,0,1,Low-Value
1493,17585.0,48,1,28,0,417.81000000000006,0,1,Low-Value
1494,13082.0,48,1,7,0,379.43999999999994,0,1,Low-Value
1495,18226.0,42,1,22,0,421.55,0,1,Low-Value
1496,18062.0,48,1,5,0,169.8,0,1,Low-Value
1497,12503.0,48,1,1,0,1126.0,0,1,Low-Value
1498,13368.0,48,1,1,0,35.400000000000006,0,1,Low-Value
1499,16676.0,48,1,29,0,464.82000000000005,0,1,Low-Value
1500,16424.0,47,1,1,0,51.0,0,1,Low-Value
1501,13656.0,47,1,31,0,162.70000000000005,0,1,Low-Value
1502,12413.0,42,1,26,0,543.2,0,1,Low-Value
1503,15845.0,47,1,13,0,303.36,0,1,Low-Value
1504,16094.0,47,1,2,0,24.7,0,1,Low-Value
1505,13187.0,47,1,37,0,236.01999999999995,0,1,Low-Value
1506,16567.0,47,1,26,0,557.56,0,1,Low-Value
1507,14828.0,47,1,5,0,582.0,0,1,Low-Value
1508,12530.0,47,1,13,0,387.4,0,1,Low-Value
1509,16551.0,47,1,11,0,311.07000000000005,0,1,Low-Value
1510,16473.0,47,1,8,0,149.41,0,1,Low-Value
1511,15607.0,47,1,13,0,104.76,0,1,Low-Value
1512,15139.0,47,1,8,0,122.10000000000002,0,1,Low-Value
1513,12489.0,47,1,15,0,334.92999999999995,0,1,Low-Value
1514,17707.0,47,1,3,0,83.7,0,1,Low-Value
1515,18179.0,36,1,35,0,622.9000000000002,0,1,Low-Value
1516,13233.0,46,1,17,0,304.24,0,1,Low-Value
1517,14889.0,46,1,10,0,135.9,0,1,Low-Value
1518,12480.0,46,1,42,0,816.2500000000002,0,1,Low-Value
1519,14672.0,46,1,34,0,285.28000000000003,0,1,Low-Value
1520,13593.0,46,1,39,0,559.8499999999999,0,1,Low-Value
1521,13162.0,42,1,40,0,796.5599999999997,0,1,Low-Value
1522,13183.0,45,1,20,0,625.04,0,1,Low-Value
1523,15611.0,45,1,3,0,104.25,0,1,Low-Value
1524,17128.0,45,1,14,0,157.09,0,1,Low-Value
1525,14761.0,45,1,7,0,97.5,0,1,Low-Value
1526,12651.0,45,1,9,0,114.00000000000003,0,1,Low-Value
1527,16833.0,45,1,18,0,309.48,0,1,Low-Value
1528,17800.0,44,1,12,0,136.05,0,1,Low-Value
1529,16549.0,44,1,33,0,119.49000000000001,0,1,Low-Value
1530,13565.0,44,1,13,0,110.17999999999999,0,1,Low-Value
1531,15799.0,44,1,22,0,320.22,0,1,Low-Value
1532,18032.0,44,1,5,0,73.5,0,1,Low-Value
1533,14794.0,44,1,9,0,179.1,0,1,Low-Value
1534,18171.0,44,1,15,0,240.45000000000002,0,1,Low-Value
1535,16279.0,44,1,2,0,12.9,0,1,Low-Value
1536,16850.0,44,1,19,0,332.40999999999997,0,1,Low-Value
1537,14321.0,44,1,29,0,326.81999999999994,0,1,Low-Value
1538,15326.0,44,1,29,0,311.71,0,1,Low-Value
1539,13107.0,39,1,23,0,574.3900000000002,0,1,Low-Value
1540,16303.0,43,1,35,0,827.1799999999998,0,1,Low-Value
1541,12736.0,43,1,4,0,234.00000000000003,0,1,Low-Value
1542,13473.0,41,1,13,0,246.36,0,1,Low-Value
1543,14320.0,33,1,34,0,487.19,0,1,Low-Value
1544,12393.0,40,1,22,0,639.5,0,1,Low-Value
1545,17742.0,43,1,13,0,302.57,0,1,Low-Value
1546,16351.0,43,1,8,0,153.9,0,1,Low-Value
1547,13144.0,43,1,3,0,110.94999999999999,0,1,Low-Value
1548,15346.0,43,1,17,0,252.42000000000004,0,1,Low-Value
1549,12643.0,43,1,2,0,871.1999999999999,0,1,Low-Value
1550,14295.0,43,1,2,0,11.5,0,1,Low-Value
1551,16034.0,43,1,9,0,153.6,0,1,Low-Value
1552,14209.0,43,1,16,0,347.9500000000001,0,1,Low-Value
1553,15569.0,43,1,7,0,288.5,0,1,Low-Value
1554,12728.0,43,1,13,0,252.53999999999996,0,1,Low-Value
1555,17569.0,42,1,29,0,344.13999999999993,0,1,Low-Value
1556,12724.0,42,1,11,0,154.9,0,1,Low-Value
1557,14270.0,42,1,29,0,492.6499999999999,0,1,Low-Value
1558,12665.0,35,1,4,0,64.25,0,1,Low-Value
1559,16655.0,42,1,39,0,812.2500000000001,0,1,Low-Value
1560,16554.0,42,1,2,0,6.8,0,1,Low-Value
1561,14185.0,41,1,3,0,197.65,0,1,Low-Value
1562,14514.0,41,1,26,0,255.25,0,1,Low-Value
1563,15171.0,35,1,7,0,1544.5,0,1,Low-Value
1564,14167.0,41,1,18,0,148.35000000000002,0,1,Low-Value
1565,13284.0,33,1,14,0,206.23,0,1,Low-Value
1566,16500.0,41,1,1,0,165.0,0,1,Low-Value
1567,15835.0,41,1,15,0,301.10999999999996,0,1,Low-Value
1568,18190.0,35,1,10,0,181.40999999999997,0,1,Low-Value
1569,14114.0,41,1,11,0,195.13000000000002,0,1,Low-Value
1570,15447.0,41,1,9,0,155.17,0,1,Low-Value
1571,16315.0,41,1,14,0,226.37,0,1,Low-Value
1572,15510.0,41,1,1,0,250.0,0,1,Low-Value
1573,13614.0,41,1,9,0,205.75,0,1,Low-Value
1574,16493.0,40,1,6,0,127.80000000000001,0,1,Low-Value
1575,12490.0,40,1,43,0,864.2199999999999,0,1,Low-Value
1576,12672.0,40,1,10,0,225.9,0,1,Low-Value
1577,13385.0,40,1,35,0,534.5700000000002,0,1,Low-Value
1578,15626.0,40,1,20,0,281.88,0,1,Low-Value
1579,18106.0,40,1,39,0,430.6999999999999,0,1,Low-Value
1580,16206.0,38,1,25,0,161.3,0,1,Low-Value
1581,13782.0,38,1,36,0,191.94,0,1,Low-Value
1582,12924.0,38,1,2,0,58.190000000000005,0,1,Low-Value
1583,16593.0,38,1,1,0,69.6,0,1,Low-Value
1584,13700.0,38,1,26,0,156.00999999999996,0,1,Low-Value
1585,13064.0,37,1,9,0,203.29999999999998,0,1,Low-Value
1586,13048.0,37,1,40,0,477.60999999999996,0,1,Low-Value
1587,13634.0,37,1,38,0,361.99999999999983,0,1,Low-Value
1588,17064.0,37,1,23,0,147.85,0,1,Low-Value
1589,14976.0,37,1,16,0,155.95,0,1,Low-Value
1590,13527.0,37,1,5,0,110.45,0,1,Low-Value
1591,15316.0,37,1,1,0,165.0,0,1,Low-Value
1592,12673.0,37,1,23,0,220.9,0,1,Low-Value
1593,17988.0,37,1,13,0,64.99000000000001,0,1,Low-Value
1594,12820.0,37,1,11,0,170.46000000000004,0,1,Low-Value
1595,14238.0,36,1,8,0,146.85,0,1,Low-Value
1596,13859.0,36,1,28,0,201.16,0,1,Low-Value
1597,18212.0,36,1,43,0,248.41999999999993,0,1,Low-Value
1598,14292.0,36,1,3,0,12.15,0,1,Low-Value
1599,13883.0,36,1,1,0,30.599999999999998,0,1,Low-Value
1600,18233.0,36,1,1,0,440.0,0,1,Low-Value
1601,17018.0,36,1,6,0,405.0,0,1,Low-Value
1602,14242.0,36,1,8,0,138.35,0,1,Low-Value
1603,12356.0,36,1,36,0,2271.6200000000003,0,1,Low-Value
1604,13898.0,36,1,12,0,155.93,0,1,Low-Value
1605,16948.0,36,1,5,0,69.6,0,1,Low-Value
1606,15395.0,36,1,7,0,107.45000000000002,0,1,Low-Value
1607,12510.0,35,1,29,0,681.0500000000001,0,1,Low-Value
1608,13693.0,35,1,4,0,32.0,0,1,Low-Value
1609,13263.0,35,1,39,0,141.66,0,1,Low-Value
1610,14428.0,35,1,24,0,203.54999999999998,0,1,Low-Value
1611,12422.0,35,1,13,0,238.5,0,1,Low-Value
1612,17708.0,35,1,26,0,110.60000000000001,0,1,Low-Value
1613,14090.0,35,1,1,0,76.32000000000001,0,1,Low-Value
1614,15831.0,34,1,18,0,363.9399999999999,0,1,Low-Value
1615,14916.0,34,1,15,0,295.04999999999995,0,1,Low-Value
1616,13502.0,34,1,4,0,114.6,0,1,Low-Value
1617,14784.0,34,1,4,0,114.68,0,1,Low-Value
1618,15938.0,34,1,5,0,74.9,0,1,Low-Value
1619,17418.0,34,1,12,0,167.39000000000001,0,1,Low-Value
1620,14779.0,33,1,35,0,348.1499999999999,0,1,Low-Value
1621,15262.0,34,1,10,0,178.95000000000002,0,1,Low-Value
1622,17862.0,34,1,11,0,330.9,0,1,Low-Value
1623,16892.0,34,1,1,0,15.95,0,1,Low-Value
1624,12402.0,33,1,11,0,225.6,0,1,Low-Value
1625,17771.0,33,1,22,0,115.80000000000001,0,1,Low-Value
1626,15422.0,33,1,6,0,97.7,0,1,Low-Value
1627,14770.0,33,1,17,0,278.59999999999997,0,1,Low-Value
1628,15174.0,33,1,11,0,135.75,0,1,Low-Value
1629,17504.0,33,1,27,0,441.15000000000003,0,1,Low-Value
1630,16387.0,33,1,4,0,94.36,0,1,Low-Value
1631,12664.0,33,1,5,0,661.58,0,1,Low-Value
1632,16618.0,33,1,35,0,728.16,0,1,Low-Value
1633,12748.0,0,3,713,3,4729.09999999999,0,6,High-Value
1634,17841.0,0,3,709,3,5287.569999999986,0,6,High-Value
1635,14606.0,2,3,684,3,3765.5599999999895,0,6,High-Value
1636,17511.0,0,3,251,2,18544.829999999998,1,6,High-Value
1637,13694.0,0,3,133,2,10782.159999999996,1,6,High-Value
1638,15061.0,11,3,173,2,22774.529999999995,1,6,High-Value
1639,14156.0,0,3,310,2,25759.750000000055,1,6,High-Value
1640,13798.0,3,3,135,2,10975.089999999998,1,6,High-Value
1641,14733.0,13,3,146,2,7037.939999999999,1,6,High-Value
1642,14298.0,6,3,324,2,9832.64,1,6,High-Value
1643,13093.0,21,2,143,2,7109.499999999997,1,5,High-Value
1644,16029.0,2,3,58,1,19542.27,1,5,High-Value
1645,13777.0,6,3,73,1,8051.309999999998,1,5,High-Value
1646,14680.0,5,3,111,1,8419.099999999999,1,5,High-Value
1647,17450.0,11,3,77,1,21781.119999999995,1,5,High-Value
1648,12753.0,14,3,100,1,9435.630000000001,1,5,High-Value
1649,16684.0,6,3,59,1,9964.620000000003,1,5,High-Value
1650,12415.0,8,3,116,1,21115.9,1,5,High-Value
1651,17404.0,26,2,48,1,7961.06,1,4,Mid-Value
1652,14088.0,33,1,93,1,7544.910000000001,1,3,Mid-Value
1653,17381.0,5,3,27,0,7179.460000000001,1,4,Mid-Value
1654,16013.0,12,3,21,0,8862.2,1,4,Mid-Value
1655,15769.0,9,3,22,0,8893.68,1,4,Mid-Value
1656,16210.0,20,2,42,0,8876.94,1,3,Mid-Value
1657,15749.0,43,1,5,0,22998.4,1,2,Low-Value
1658,15311.0,0,3,718,3,13025.689999999997,1,7,High-Value
1659,14911.0,5,3,549,3,15577.88000000001,1,7,High-Value
1660,13089.0,0,3,456,3,16182.220000000032,1,7,High-Value
1661,18102.0,15,3,24,0,38370.09,2,5,High-Value
1662,14646.0,0,3,468,3,57911.01999999996,2,8,High-Value
1663,12346.0,36,1,2,0,154367.2,3,4,Mid-Value
